"date","cruise","set.number","species","specimen","sex","length","weight","egg.condition","fish.number","age.material","shell.condition","maturity","chela","missing.legs","disc.width","comment"
"1999-07-06","O901",2,2513,1,2,56,NA,NA,NA,NA,NA,NA,NA,NA,NA,""
"1999-07-06","O901",2,2513,2,1,100,NA,NA,NA,NA,NA,NA,NA,NA,NA,""
"1999-07-06","O901",2,2550,1,1,80,NA,NA,NA,NA,NA,NA,NA,NA,NA,"hard; ;"
"1999-07-06","O901",2,2550,2,2,71,NA,NA,NA,NA,NA,NA,NA,NA,NA,"hard; ;"
"1999-07-06","O901",3,2550,1,2,89,NA,NA,NA,NA,NA,NA,NA,NA,NA,"hard; ;"
"1999-07-06","O901",3,2550,2,1,80,NA,NA,NA,NA,NA,NA,NA,NA,NA,"hard; ;"
"1999-07-06","O901",4,2513,1,1,87,NA,NA,NA,NA,NA,NA,NA,NA,NA,""
"1999-07-06","O901",5,2513,1,2,44,NA,NA,NA,NA,NA,NA,NA,NA,NA,""
"1999-07-06","O901",5,2513,2,2,61,NA,NA,NA,NA,NA,NA,NA,NA,NA,""
"1999-07-06","O901",5,2513,3,1,70,NA,NA,NA,NA,NA,NA,NA,NA,NA,""
"1999-07-06","O901",5,2513,4,1,64,NA,NA,NA,NA,NA,NA,NA,NA,NA,""
"1999-07-06","O901",5,2550,1,2,78,NA,NA,NA,NA,NA,NA,NA,NA,NA,"hard; berried; old"
"1999-07-06","O901",6,2513,1,2,71,NA,NA,NA,NA,NA,NA,NA,NA,NA,""
"1999-07-06","O901",6,2513,2,2,64,NA,NA,NA,NA,NA,NA,NA,NA,NA,""
"1999-07-06","O901",6,2550,1,2,71,NA,NA,NA,NA,NA,NA,NA,NA,NA,"hard; ;"
"1999-07-06","O901",6,2550,2,1,74,NA,NA,NA,NA,NA,NA,NA,NA,NA,"hard; ;"
"1999-07-06","O901",6,2550,3,2,67,NA,NA,NA,NA,NA,NA,NA,NA,NA,"hard; ;"
"1999-07-06","O901",6,2550,4,2,72,NA,NA,NA,NA,NA,NA,NA,NA,NA,"hard; ;"
"1999-07-06","O901",6,2550,5,2,73,NA,NA,NA,NA,NA,NA,NA,NA,NA,"hard; ;"
"1999-07-06","O901",7,2513,1,2,71,NA,NA,NA,NA,NA,NA,NA,NA,NA,""
"1999-07-06","O901",7,2513,2,1,60,NA,NA,NA,NA,NA,NA,NA,NA,NA,""
"1999-07-06","O901",7,2539,1,2,99,NA,NA,NA,NA,NA,NA,NA,NA,NA,""
"1999-07-06","O901",7,2550,1,1,69,NA,NA,NA,NA,NA,NA,NA,NA,NA,"hard; ;"
"1999-07-06","O901",7,2550,2,1,77,NA,NA,NA,NA,NA,NA,NA,NA,NA,"hard; ;"
"1999-07-06","O901",7,2550,3,1,47,NA,NA,NA,NA,NA,NA,NA,NA,NA,"hard; ;"
"1999-07-06","O901",7,2550,4,1,66,NA,NA,NA,NA,NA,NA,NA,NA,NA,"hard; ;"
"1999-07-06","O901",7,2550,5,2,66,NA,NA,NA,NA,NA,NA,NA,NA,NA,"hard; ;"
"1999-07-07","O901",8,2550,1,2,60,NA,NA,NA,NA,NA,NA,NA,NA,NA,"hard; ;"
"1999-07-07","O901",8,2550,2,1,60,NA,NA,NA,NA,NA,NA,NA,NA,NA,"hard; ;"
"1999-07-07","O901",9,2550,1,1,65,NA,NA,NA,NA,NA,NA,NA,NA,NA,"hard; ;"
"1999-07-07","O901",9,2550,2,2,62,NA,NA,NA,NA,NA,NA,NA,NA,NA,"hard; ;"
"1999-07-07","O901",15,2550,1,2,76,NA,NA,NA,NA,NA,NA,NA,NA,NA,"hard; berried; old"
"1999-07-07","O901",16,2526,1,NA,67,NA,NA,NA,NA,NA,NA,NA,NA,NA,""
"1999-07-07","O901",17,2527,1,NA,63,NA,NA,NA,NA,NA,NA,NA,NA,NA,""
"1999-07-08","O901",19,2527,1,NA,62,NA,NA,NA,NA,NA,NA,NA,NA,NA,""
"1999-07-08","O901",21,2550,1,2,72,NA,NA,NA,NA,NA,NA,NA,NA,NA,"hard; berried; old"
"1999-07-08","O901",27,2550,1,2,93,NA,NA,NA,NA,NA,NA,NA,NA,NA,"hard; berried; old"
"1999-07-08","O901",27,2550,2,2,88,NA,NA,NA,NA,NA,NA,NA,NA,NA,"hard; berried; old"
"1999-07-12","O901",31,2513,1,1,120,NA,NA,NA,NA,NA,NA,NA,NA,NA,""
"1999-07-12","O901",31,2513,2,1,120,NA,NA,NA,NA,NA,NA,NA,NA,NA,""
"1999-07-12","O901",32,2550,1,2,72,NA,NA,NA,NA,NA,NA,NA,NA,NA,"hard; berried; old"
"1999-07-12","O901",32,2550,2,2,62,NA,NA,NA,NA,NA,NA,NA,NA,NA,"hard; ;"
"1999-07-12","O901",32,2550,3,2,77,NA,NA,NA,NA,NA,NA,NA,NA,NA,"hard; berried; old"
"1999-07-12","O901",34,2513,1,2,74,NA,NA,NA,NA,NA,NA,NA,NA,NA,""
"1999-07-12","O901",35,2513,1,1,73,NA,NA,NA,NA,NA,NA,NA,NA,NA,""
"1999-07-12","O901",35,2513,2,2,89,NA,NA,NA,NA,NA,NA,NA,NA,NA,""
"1999-07-12","O901",35,2550,1,2,140,NA,NA,NA,NA,NA,NA,NA,NA,NA,"hard; berried; old"
"1999-07-12","O901",35,2550,2,1,56,NA,NA,NA,NA,NA,NA,NA,NA,NA,"hard; ;"
"1999-07-12","O901",36,2513,1,1,116,NA,NA,NA,NA,NA,NA,NA,NA,NA,""
"1999-07-12","O901",36,2513,2,1,105,NA,NA,NA,NA,NA,NA,NA,NA,NA,""
"1999-07-12","O901",36,2550,1,1,62,NA,NA,NA,NA,NA,NA,NA,NA,NA,"hard; ;"
"1999-07-12","O901",36,2550,2,1,57,NA,NA,NA,NA,NA,NA,NA,NA,NA,"hard; ;"
"1999-07-12","O901",36,2550,3,2,60,NA,NA,NA,NA,NA,NA,NA,NA,NA,"hard; ;"
"1999-07-12","O901",36,2550,4,2,67,NA,NA,NA,NA,NA,NA,NA,NA,NA,"hard; ;"
"1999-07-12","O901",36,2550,5,2,57,NA,NA,NA,NA,NA,NA,NA,NA,NA,"hard; ;"
"1999-07-12","O901",36,2550,6,2,59,NA,NA,NA,NA,NA,NA,NA,NA,NA,"hard; ;"
"1999-07-12","O901",36,2550,7,1,52,NA,NA,NA,NA,NA,NA,NA,NA,NA,"hard; ;"
"1999-07-12","O901",36,2550,8,2,57,NA,NA,NA,NA,NA,NA,NA,NA,NA,"hard; ;"
"1999-07-12","O901",36,2550,9,1,78,NA,NA,NA,NA,NA,NA,NA,NA,NA,"soft; ;"
"1999-07-12","O901",36,2550,10,1,83,NA,NA,NA,NA,NA,NA,NA,NA,NA,"hard; ;"
"1999-07-12","O901",36,2550,11,2,63,NA,NA,NA,NA,NA,NA,NA,NA,NA,"hard; ;"
"1999-07-12","O901",36,2550,12,2,64,NA,NA,NA,NA,NA,NA,NA,NA,NA,"hard; ;"
"1999-07-12","O901",36,2550,13,2,58,NA,NA,NA,NA,NA,NA,NA,NA,NA,"hard; ;"
"1999-07-12","O901",36,2550,14,2,59,NA,NA,NA,NA,NA,NA,NA,NA,NA,"hard; ;"
"1999-07-13","O901",37,2513,1,2,72,NA,NA,NA,NA,NA,NA,NA,NA,NA,""
"1999-07-13","O901",37,2513,2,2,80,NA,NA,NA,NA,NA,NA,NA,NA,NA,""
"1999-07-13","O901",37,2513,3,2,86,NA,NA,NA,NA,NA,NA,NA,NA,NA,""
"1999-07-13","O901",37,2550,1,1,64,NA,NA,NA,NA,NA,NA,NA,NA,NA,"hard; ;"
"1999-07-13","O901",37,2550,2,1,66,NA,NA,NA,NA,NA,NA,NA,NA,NA,"hard; ;"
"1999-07-13","O901",37,2550,3,1,64,NA,NA,NA,NA,NA,NA,NA,NA,NA,"hard; ;"
"1999-07-13","O901",37,2550,4,2,58,NA,NA,NA,NA,NA,NA,NA,NA,NA,"hard; ;"
"1999-07-13","O901",37,2550,5,1,65,NA,NA,NA,NA,NA,NA,NA,NA,NA,"hard; ;"
"1999-07-13","O901",37,2550,6,1,65,NA,NA,NA,NA,NA,NA,NA,NA,NA,"hard; ;"
"1999-07-13","O901",37,2550,7,1,65,NA,NA,NA,NA,NA,NA,NA,NA,NA,"soft; ;"
"1999-07-13","O901",37,2550,8,1,65,NA,NA,NA,NA,NA,NA,NA,NA,NA,"hard; ;"
"1999-07-13","O901",37,2550,9,1,66,NA,NA,NA,NA,NA,NA,NA,NA,NA,"hard; ;"
"1999-07-13","O901",37,2550,10,1,66,NA,NA,NA,NA,NA,NA,NA,NA,NA,"hard; ;"
"1999-07-13","O901",37,2550,11,1,63,NA,NA,NA,NA,NA,NA,NA,NA,NA,"hard; ;"
"1999-07-13","O901",37,2550,12,2,56,NA,NA,NA,NA,NA,NA,NA,NA,NA,"hard; ;"
"1999-07-13","O901",37,2550,13,1,67,NA,NA,NA,NA,NA,NA,NA,NA,NA,"hard; ;"
"1999-07-13","O901",37,2550,14,1,67,NA,NA,NA,NA,NA,NA,NA,NA,NA,"hard; ;"
"1999-07-13","O901",37,2550,15,1,67,NA,NA,NA,NA,NA,NA,NA,NA,NA,"hard; ;"
"1999-07-13","O901",37,2550,16,1,68,NA,NA,NA,NA,NA,NA,NA,NA,NA,"hard; ;"
"1999-07-13","O901",37,2550,17,1,69,NA,NA,NA,NA,NA,NA,NA,NA,NA,"hard; ;"
"1999-07-13","O901",37,2550,18,1,69,NA,NA,NA,NA,NA,NA,NA,NA,NA,"hard; ;"
"1999-07-13","O901",37,2550,19,1,66,NA,NA,NA,NA,NA,NA,NA,NA,NA,"hard; ;"
"1999-07-13","O901",37,2550,20,1,71,NA,NA,NA,NA,NA,NA,NA,NA,NA,"hard; ;"
"1999-07-13","O901",37,2550,21,1,80,NA,NA,NA,NA,NA,NA,NA,NA,NA,"hard; ;"
"1999-07-13","O901",37,2550,22,1,67,NA,NA,NA,NA,NA,NA,NA,NA,NA,"hard; ;"
"1999-07-13","O901",37,2550,23,1,63,NA,NA,NA,NA,NA,NA,NA,NA,NA,"hard; ;"
"1999-07-13","O901",37,2550,24,2,80,NA,NA,NA,NA,NA,NA,NA,NA,NA,"hard; ;"
"1999-07-13","O901",37,2550,25,1,50,NA,NA,NA,NA,NA,NA,NA,NA,NA,"hard; ;"
"1999-07-13","O901",37,2550,26,1,51,NA,NA,NA,NA,NA,NA,NA,NA,NA,"hard; ;"
"1999-07-13","O901",37,2550,27,2,58,NA,NA,NA,NA,NA,NA,NA,NA,NA,"hard; ;"
"1999-07-13","O901",37,2550,28,2,61,NA,NA,NA,NA,NA,NA,NA,NA,NA,"hard; ;"
"1999-07-13","O901",37,2550,29,2,63,NA,NA,NA,NA,NA,NA,NA,NA,NA,"hard; ;"
"1999-07-13","O901",37,2550,30,2,65,NA,NA,NA,NA,NA,NA,NA,NA,NA,"hard; ;"
"1999-07-13","O901",37,2550,31,2,66,NA,NA,NA,NA,NA,NA,NA,NA,NA,"hard; ;"
"1999-07-13","O901",37,2550,32,1,70,NA,NA,NA,NA,NA,NA,NA,NA,NA,"hard; ;"
"1999-07-13","O901",37,2550,33,2,67,NA,NA,NA,NA,NA,NA,NA,NA,NA,"hard; ;"
"1999-07-13","O901",37,2550,34,2,68,NA,NA,NA,NA,NA,NA,NA,NA,NA,"hard; ;"
"1999-07-13","O901",37,2550,35,1,81,NA,NA,NA,NA,NA,NA,NA,NA,NA,"hard; ;"
"1999-07-13","O901",37,2550,36,1,67,NA,NA,NA,NA,NA,NA,NA,NA,NA,"hard; ;"
"1999-07-13","O901",37,2550,37,1,67,NA,NA,NA,NA,NA,NA,NA,NA,NA,"hard; ;"
"1999-07-13","O901",37,2550,38,2,49,NA,NA,NA,NA,NA,NA,NA,NA,NA,"hard; ;"
"1999-07-13","O901",37,2550,39,1,57,NA,NA,NA,NA,NA,NA,NA,NA,NA,"hard; ;"
"1999-07-13","O901",37,2550,40,1,57,NA,NA,NA,NA,NA,NA,NA,NA,NA,"hard; ;"
"1999-07-13","O901",37,2550,41,1,55,NA,NA,NA,NA,NA,NA,NA,NA,NA,"hard; ;"
"1999-07-13","O901",37,2550,42,1,57,NA,NA,NA,NA,NA,NA,NA,NA,NA,"hard; ;"
"1999-07-13","O901",37,2550,43,1,59,NA,NA,NA,NA,NA,NA,NA,NA,NA,"hard; ;"
"1999-07-13","O901",37,2550,44,2,68,NA,NA,NA,NA,NA,NA,NA,NA,NA,"hard; ;"
"1999-07-13","O901",37,2550,45,2,67,NA,NA,NA,NA,NA,NA,NA,NA,NA,"hard; ;"
"1999-07-13","O901",37,2550,46,1,58,NA,NA,NA,NA,NA,NA,NA,NA,NA,"hard; ;"
"1999-07-13","O901",37,2550,47,1,63,NA,NA,NA,NA,NA,NA,NA,NA,NA,"hard; ;"
"1999-07-13","O901",37,2550,48,1,62,NA,NA,NA,NA,NA,NA,NA,NA,NA,"hard; ;"
"1999-07-13","O901",37,2550,49,2,70,NA,NA,NA,NA,NA,NA,NA,NA,NA,"hard; ;"
"1999-07-13","O901",37,2550,50,2,71,NA,NA,NA,NA,NA,NA,NA,NA,NA,"hard; ;"
"1999-07-13","O901",37,2550,51,2,46,NA,NA,NA,NA,NA,NA,NA,NA,NA,"soft; ;"
"1999-07-13","O901",37,2550,52,1,59,NA,NA,NA,NA,NA,NA,NA,NA,NA,"hard; ;"
"1999-07-13","O901",37,2550,53,1,58,NA,NA,NA,NA,NA,NA,NA,NA,NA,"soft; ;"
"1999-07-13","O901",37,2550,54,1,61,NA,NA,NA,NA,NA,NA,NA,NA,NA,"hard; ;"
"1999-07-13","O901",37,2550,55,1,67,NA,NA,NA,NA,NA,NA,NA,NA,NA,"hard; ;"
"1999-07-13","O901",38,2513,1,2,72,NA,NA,NA,NA,NA,NA,NA,NA,NA,""
"1999-07-13","O901",39,2527,1,1,60,NA,NA,NA,NA,NA,NA,NA,NA,NA,""
"1999-07-13","O901",39,2550,1,2,46,NA,NA,NA,NA,NA,NA,NA,NA,NA,"hard; ;"
"1999-07-13","O901",39,2550,2,1,76,NA,NA,NA,NA,NA,NA,NA,NA,NA,"hard; ;"
"1999-07-13","O901",40,2513,1,1,81,NA,NA,NA,NA,NA,NA,NA,NA,NA,""
"1999-07-13","O901",41,2513,1,1,88,NA,NA,NA,NA,NA,NA,NA,NA,NA,""
"1999-07-13","O901",42,2513,1,1,72,NA,NA,NA,NA,NA,NA,NA,NA,NA,""
"1999-07-13","O901",42,2513,2,1,73,NA,NA,NA,NA,NA,NA,NA,NA,NA,""
"1999-07-13","O901",43,2513,1,1,106,NA,NA,NA,NA,NA,NA,NA,NA,NA,""
"1999-07-13","O901",43,2513,2,2,92,NA,NA,NA,NA,NA,NA,NA,NA,NA,""
"1999-07-13","O901",43,2513,3,1,82,NA,NA,NA,NA,NA,NA,NA,NA,NA,""
"1999-07-13","O901",44,2513,1,2,81,NA,NA,NA,NA,NA,NA,NA,NA,NA,""
"1999-07-13","O901",44,2550,1,2,81,NA,NA,NA,NA,NA,NA,NA,NA,NA,"hard; berried; old"
"1999-07-13","O901",45,2513,1,2,80,NA,NA,NA,NA,NA,NA,NA,NA,NA,""
"1999-07-14","O901",50,2550,1,1,48,NA,NA,NA,NA,NA,NA,NA,NA,NA,"hard; ;"
"1999-07-14","O901",50,2550,2,2,72,NA,NA,NA,NA,NA,NA,NA,NA,NA,"soft; ;"
"1999-07-14","O901",50,2550,3,1,99,NA,NA,NA,NA,NA,NA,NA,NA,NA,"soft; ;"
"1999-07-14","O901",50,2550,4,2,71,NA,NA,NA,NA,NA,NA,NA,NA,NA,"hard; ;"
"1999-07-14","O901",50,2550,5,1,53,NA,NA,NA,NA,NA,NA,NA,NA,NA,"soft; ;"
"1999-07-14","O901",50,2550,6,1,49,NA,NA,NA,NA,NA,NA,NA,NA,NA,"hard; ;"
"1999-07-14","O901",50,2550,7,1,77,NA,NA,NA,NA,NA,NA,NA,NA,NA,"hard; ;"
"1999-07-14","O901",50,2550,8,2,51,NA,NA,NA,NA,NA,NA,NA,NA,NA,"hard; ;"
"1999-07-14","O901",50,2550,9,1,44,NA,NA,NA,NA,NA,NA,NA,NA,NA,"hard; ;"
"1999-07-14","O901",50,2550,10,2,59,NA,NA,NA,NA,NA,NA,NA,NA,NA,"hard; ;"
"1999-07-14","O901",50,2550,11,1,74,NA,NA,NA,NA,NA,NA,NA,NA,NA,"hard; ;"
"1999-07-14","O901",50,2550,12,2,65,NA,NA,NA,NA,NA,NA,NA,NA,NA,"hard; ;"
"1999-07-14","O901",50,2550,13,1,43,NA,NA,NA,NA,NA,NA,NA,NA,NA,"hard; ;"
"1999-07-14","O901",50,2550,14,2,72,NA,NA,NA,NA,NA,NA,NA,NA,NA,"hard; ;"
"1999-07-14","O901",50,2550,15,2,49,NA,NA,NA,NA,NA,NA,NA,NA,NA,"soft; ;"
"1999-07-14","O901",50,2550,16,1,47,NA,NA,NA,NA,NA,NA,NA,NA,NA,"hard; ;"
"1999-07-14","O901",50,2550,17,1,72,NA,NA,NA,NA,NA,NA,NA,NA,NA,"hard; ;"
"1999-07-14","O901",50,2550,18,2,57,NA,NA,NA,NA,NA,NA,NA,NA,NA,"hard; ;"
"1999-07-14","O901",50,2550,19,1,44,NA,NA,NA,NA,NA,NA,NA,NA,NA,"hard; ;"
"1999-07-14","O901",50,2550,20,1,66,NA,NA,NA,NA,NA,NA,NA,NA,NA,"hard; ;"
"1999-07-14","O901",50,2550,21,2,63,NA,NA,NA,NA,NA,NA,NA,NA,NA,"hard; ;"
"1999-07-14","O901",50,2550,22,1,73,NA,NA,NA,NA,NA,NA,NA,NA,NA,"hard; ;"
"1999-07-14","O901",50,2550,23,1,49,NA,NA,NA,NA,NA,NA,NA,NA,NA,"hard; ;"
"1999-07-14","O901",50,2550,24,2,55,NA,NA,NA,NA,NA,NA,NA,NA,NA,"hard; ;"
"1999-07-14","O901",50,2550,25,1,74,NA,NA,NA,NA,NA,NA,NA,NA,NA,"soft; ;"
"1999-07-14","O901",50,2550,26,2,59,NA,NA,NA,NA,NA,NA,NA,NA,NA,"hard; ;"
"1999-07-14","O901",50,2550,27,2,64,NA,NA,NA,NA,NA,NA,NA,NA,NA,"hard; ;"
"1999-07-14","O901",50,2550,28,2,61,NA,NA,NA,NA,NA,NA,NA,NA,NA,"hard; ;"
"1999-07-14","O901",50,2550,29,1,66,NA,NA,NA,NA,NA,NA,NA,NA,NA,"hard; ;"
"1999-07-14","O901",50,2550,30,1,62,NA,NA,NA,NA,NA,NA,NA,NA,NA,"soft; ;"
"1999-07-14","O901",51,2550,1,1,46,NA,NA,NA,NA,NA,NA,NA,NA,NA,"hard; ;"
"1999-07-14","O901",51,2550,2,1,72,NA,NA,NA,NA,NA,NA,NA,NA,NA,"soft; ;"
"1999-07-14","O901",51,2550,3,2,37,NA,NA,NA,NA,NA,NA,NA,NA,NA,"hard; ;"
"1999-07-14","O901",51,2550,4,1,73,NA,NA,NA,NA,NA,NA,NA,NA,NA,"soft; ;"
"1999-07-14","O901",51,2550,5,1,52,NA,NA,NA,NA,NA,NA,NA,NA,NA,"hard; ;"
"1999-07-14","O901",51,2550,6,2,61,NA,NA,NA,NA,NA,NA,NA,NA,NA,"soft; ;"
"1999-07-14","O901",51,2550,7,2,61,NA,NA,NA,NA,NA,NA,NA,NA,NA,"hard; ;"
"1999-07-14","O901",51,2550,8,1,52,NA,NA,NA,NA,NA,NA,NA,NA,NA,"hard; ;"
"1999-07-14","O901",51,2550,9,2,61,NA,NA,NA,NA,NA,NA,NA,NA,NA,"hard; ;"
"1999-07-14","O901",51,2550,10,1,61,NA,NA,NA,NA,NA,NA,NA,NA,NA,"hard; ;"
"1999-07-14","O901",51,2550,11,1,48,NA,NA,NA,NA,NA,NA,NA,NA,NA,"hard; ;"
"1999-07-14","O901",51,2550,12,2,66,NA,NA,NA,NA,NA,NA,NA,NA,NA,"soft; ;"
"1999-07-14","O901",51,2550,13,1,45,NA,NA,NA,NA,NA,NA,NA,NA,NA,"hard; ;"
"1999-07-14","O901",51,2550,14,2,51,NA,NA,NA,NA,NA,NA,NA,NA,NA,"hard; ;"
"1999-07-14","O901",51,2550,15,1,62,NA,NA,NA,NA,NA,NA,NA,NA,NA,"hard; ;"
"1999-07-14","O901",51,2550,16,1,48,NA,NA,NA,NA,NA,NA,NA,NA,NA,"hard; ;"
"1999-07-14","O901",51,2550,17,1,59,NA,NA,NA,NA,NA,NA,NA,NA,NA,"hard; ;"
"1999-07-14","O901",51,2550,18,1,71,NA,NA,NA,NA,NA,NA,NA,NA,NA,"soft; ;"
"1999-07-14","O901",51,2550,19,1,58,NA,NA,NA,NA,NA,NA,NA,NA,NA,"hard; ;"
"1999-07-14","O901",51,2550,20,1,70,NA,NA,NA,NA,NA,NA,NA,NA,NA,"soft; ;"
"1999-07-14","O901",51,2550,21,2,70,NA,NA,NA,NA,NA,NA,NA,NA,NA,"soft; ;"
"1999-07-14","O901",51,2550,22,2,46,NA,NA,NA,NA,NA,NA,NA,NA,NA,"hard; ;"
"1999-07-14","O901",51,2550,23,2,56,NA,NA,NA,NA,NA,NA,NA,NA,NA,"hard; ;"
"1999-07-14","O901",51,2550,24,1,78,NA,NA,NA,NA,NA,NA,NA,NA,NA,"soft; ;"
"1999-07-14","O901",51,2550,25,2,49,NA,NA,NA,NA,NA,NA,NA,NA,NA,"hard; ;"
"1999-07-14","O901",51,2550,26,2,38,NA,NA,NA,NA,NA,NA,NA,NA,NA,"hard; ;"
"1999-07-14","O901",51,2550,27,2,47,NA,NA,NA,NA,NA,NA,NA,NA,NA,"hard; ;"
"1999-07-14","O901",51,2550,28,2,60,NA,NA,NA,NA,NA,NA,NA,NA,NA,"hard; ;"
"1999-07-14","O901",51,2550,29,1,56,NA,NA,NA,NA,NA,NA,NA,NA,NA,"hard; ;"
"1999-07-14","O901",51,2550,30,1,30,NA,NA,NA,NA,NA,NA,NA,NA,NA,"hard; ;"
"1999-07-14","O901",52,2550,1,1,54,NA,NA,NA,NA,NA,NA,NA,NA,NA,"hard; ;"
"1999-07-14","O901",52,2550,2,1,63,NA,NA,NA,NA,NA,NA,NA,NA,NA,"hard; ;"
"1999-07-14","O901",52,2550,3,2,64,NA,NA,NA,NA,NA,NA,NA,NA,NA,"hard; ;"
"1999-07-14","O901",52,2550,4,1,62,NA,NA,NA,NA,NA,NA,NA,NA,NA,"hard; ;"
"1999-07-14","O901",52,2550,5,1,61,NA,NA,NA,NA,NA,NA,NA,NA,NA,"hard; ;"
"1999-07-14","O901",52,2550,6,1,68,NA,NA,NA,NA,NA,NA,NA,NA,NA,"hard; ;"
"1999-07-14","O901",52,2550,7,2,60,NA,NA,NA,NA,NA,NA,NA,NA,NA,"hard; ;"
"1999-07-14","O901",52,2550,8,1,67,NA,NA,NA,NA,NA,NA,NA,NA,NA,"hard; ;"
"1999-07-14","O901",52,2550,9,1,63,NA,NA,NA,NA,NA,NA,NA,NA,NA,"hard; ;"
"1999-07-14","O901",52,2550,10,2,48,NA,NA,NA,NA,NA,NA,NA,NA,NA,"hard; ;"
"1999-07-14","O901",53,2513,1,2,78,NA,NA,NA,NA,NA,NA,NA,NA,NA,""
"1999-07-14","O901",53,2513,2,2,76,NA,NA,NA,NA,NA,NA,NA,NA,NA,""
"1999-07-14","O901",53,2550,1,1,73,NA,NA,NA,NA,NA,NA,NA,NA,NA,"hard; ;"
"1999-07-14","O901",53,2550,2,2,61,NA,NA,NA,NA,NA,NA,NA,NA,NA,"hard; ;"
"1999-07-14","O901",53,2550,3,1,70,NA,NA,NA,NA,NA,NA,NA,NA,NA,"hard; ;"
"1999-07-14","O901",53,2550,4,2,68,NA,NA,NA,NA,NA,NA,NA,NA,NA,"hard; ;"
"1999-07-14","O901",53,2550,5,2,64,NA,NA,NA,NA,NA,NA,NA,NA,NA,"hard; ;"
"1999-07-14","O901",53,2550,6,1,78,NA,NA,NA,NA,NA,NA,NA,NA,NA,"soft; ;"
"1999-07-14","O901",53,2550,7,1,69,NA,NA,NA,NA,NA,NA,NA,NA,NA,"hard; ;"
"1999-07-14","O901",53,2550,8,1,69,NA,NA,NA,NA,NA,NA,NA,NA,NA,"hard; ;"
"1999-07-14","O901",53,2550,9,2,66,NA,NA,NA,NA,NA,NA,NA,NA,NA,"hard; ;"
"1999-07-14","O901",53,2550,10,2,73,NA,NA,NA,NA,NA,NA,NA,NA,NA,"hard; ;"
"1999-07-14","O901",53,2550,11,1,57,NA,NA,NA,NA,NA,NA,NA,NA,NA,"hard; ;"
"1999-07-14","O901",53,2550,12,2,67,NA,NA,NA,NA,NA,NA,NA,NA,NA,"hard; ;"
"1999-07-14","O901",53,2550,13,1,75,NA,NA,NA,NA,NA,NA,NA,NA,NA,"hard; ;"
"1999-07-14","O901",53,2550,14,2,69,NA,NA,NA,NA,NA,NA,NA,NA,NA,"soft; ;"
"1999-07-14","O901",53,2550,15,1,68,NA,NA,NA,NA,NA,NA,NA,NA,NA,"hard; ;"
"1999-07-14","O901",53,2550,16,2,75,NA,NA,NA,NA,NA,NA,NA,NA,NA,"hard; ;"
"1999-07-14","O901",53,2550,17,1,67,NA,NA,NA,NA,NA,NA,NA,NA,NA,"hard; ;"
"1999-07-14","O901",53,2550,18,1,64,NA,NA,NA,NA,NA,NA,NA,NA,NA,"hard; ;"
"1999-07-14","O901",53,2550,19,2,48,NA,NA,NA,NA,NA,NA,NA,NA,NA,"hard; ;"
"1999-07-14","O901",54,2513,1,2,85,NA,NA,NA,NA,NA,NA,NA,NA,NA,""
"1999-07-14","O901",54,2550,1,2,51,NA,NA,NA,NA,NA,NA,NA,NA,NA,"hard; ;"
"1999-07-14","O901",54,2550,2,2,72,NA,NA,NA,NA,NA,NA,NA,NA,NA,"hard; ;"
"1999-07-14","O901",54,2550,3,2,49,NA,NA,NA,NA,NA,NA,NA,NA,NA,"soft; ;"
"1999-07-14","O901",54,2550,4,1,73,NA,NA,NA,NA,NA,NA,NA,NA,NA,"hard; ;"
"1999-07-14","O901",54,2550,5,2,59,NA,NA,NA,NA,NA,NA,NA,NA,NA,"soft; ;"
"1999-07-14","O901",55,2513,1,1,107,NA,NA,NA,NA,NA,NA,NA,NA,NA,""
"1999-07-14","O901",55,2513,2,1,100,NA,NA,NA,NA,NA,NA,NA,NA,NA,""
"1999-07-14","O901",55,2550,1,1,76,NA,NA,NA,NA,NA,NA,NA,NA,NA,"hard; ;"
"1999-07-14","O901",55,2550,2,1,54,NA,NA,NA,NA,NA,NA,NA,NA,NA,"hard; ;"
"1999-07-14","O901",55,2550,3,2,42,NA,NA,NA,NA,NA,NA,NA,NA,NA,"hard; ;"
"1999-07-14","O901",55,2550,4,1,55,NA,NA,NA,NA,NA,NA,NA,NA,NA,"soft; ;"
"1999-07-14","O901",55,2550,5,2,44,NA,NA,NA,NA,NA,NA,NA,NA,NA,"hard; ;"
"1999-07-14","O901",55,2550,6,1,76,NA,NA,NA,NA,NA,NA,NA,NA,NA,"soft; ;"
"1999-07-14","O901",55,2550,7,2,53,NA,NA,NA,NA,NA,NA,NA,NA,NA,"hard; ;"
"1999-07-14","O901",55,2550,8,2,70,NA,NA,NA,NA,NA,NA,NA,NA,NA,"hard; ;"
"1999-07-14","O901",56,2513,1,1,72,NA,NA,NA,NA,NA,NA,NA,NA,NA,""
"1999-07-14","O901",56,2550,1,1,79,NA,NA,NA,NA,NA,NA,NA,NA,NA,"hard; ;"
"1999-07-14","O901",56,2550,2,1,49,NA,NA,NA,NA,NA,NA,NA,NA,NA,"hard; ;"
"1999-07-14","O901",56,2550,3,2,54,NA,NA,NA,NA,NA,NA,NA,NA,NA,"hard; ;"
"1999-07-14","O901",56,2550,4,2,65,NA,NA,NA,NA,NA,NA,NA,NA,NA,"hard; ;"
"1999-07-14","O901",56,2550,5,2,46,NA,NA,NA,NA,NA,NA,NA,NA,NA,"soft; ;"
"1999-07-14","O901",56,2550,6,2,139,NA,NA,NA,NA,NA,NA,NA,NA,NA,"hard; berried; old"
"1999-07-14","O901",56,2550,7,2,63,NA,NA,NA,NA,NA,NA,NA,NA,NA,"hard; ;"
"1999-07-14","O901",56,2550,8,1,76,NA,NA,NA,NA,NA,NA,NA,NA,NA,"hard; ;"
"1999-07-14","O901",56,2550,9,1,43,NA,NA,NA,NA,NA,NA,NA,NA,NA,"hard; ;"
"1999-07-14","O901",56,2550,10,2,75,NA,NA,NA,NA,NA,NA,NA,NA,NA,"hard; berried; old"
"1999-07-14","O901",56,2550,11,1,42,NA,NA,NA,NA,NA,NA,NA,NA,NA,"hard; ;"
"1999-07-14","O901",56,2550,12,2,70,NA,NA,NA,NA,NA,NA,NA,NA,NA,"hard; berried; old"
"1999-07-14","O901",56,2550,13,2,77,NA,NA,NA,NA,NA,NA,NA,NA,NA,"hard; ;"
"1999-07-14","O901",56,2550,14,2,66,NA,NA,NA,NA,NA,NA,NA,NA,NA,"hard; ;"
"1999-07-15","O901",58,2550,1,2,73,NA,NA,NA,NA,NA,NA,NA,NA,NA,"hard; ;"
"1999-07-15","O901",58,2550,2,2,106,NA,NA,NA,NA,NA,NA,NA,NA,NA,"hard; berried; new"
"1999-07-15","O901",58,2550,3,1,101,NA,NA,NA,NA,NA,NA,NA,NA,NA,"soft; ;"
"1999-07-15","O901",59,2513,1,1,85,NA,NA,NA,NA,NA,NA,NA,NA,NA,""
"1999-07-15","O901",59,2550,1,1,83,NA,NA,NA,NA,NA,NA,NA,NA,NA,"hard; ;"
"1999-07-15","O901",59,2550,2,1,75,NA,NA,NA,NA,NA,NA,NA,NA,NA,"hard; ;"
"1999-07-15","O901",59,2550,3,1,141,NA,NA,NA,NA,NA,NA,NA,NA,NA,"soft; ;"
"1999-07-15","O901",59,2550,4,2,71,NA,NA,NA,NA,NA,NA,NA,NA,NA,"hard; ;"
"1999-07-15","O901",59,2550,5,1,77,NA,NA,NA,NA,NA,NA,NA,NA,NA,"hard; ;"
"1999-07-15","O901",59,2550,6,1,83,NA,NA,NA,NA,NA,NA,NA,NA,NA,"hard; ;"
"1999-07-15","O901",60,2550,1,1,71,NA,NA,NA,NA,NA,NA,NA,NA,NA,"hard; ;"
"1999-07-15","O901",60,2550,2,2,78,NA,NA,NA,NA,NA,NA,NA,NA,NA,"soft; ;"
"1999-07-15","O901",61,2550,1,2,71,NA,NA,NA,NA,NA,NA,NA,NA,NA,"hard; ;"
"1999-07-15","O901",61,2550,2,1,58,NA,NA,NA,NA,NA,NA,NA,NA,NA,"hard; ;"
"1999-07-15","O901",62,2513,1,2,84,NA,NA,NA,NA,NA,NA,NA,NA,NA,""
"1999-07-15","O901",62,2513,2,1,111,NA,NA,NA,NA,NA,NA,NA,NA,NA,""
"1999-07-15","O901",62,2513,3,1,82,NA,NA,NA,NA,NA,NA,NA,NA,NA,""
"1999-07-15","O901",62,2513,4,2,65,NA,NA,NA,NA,NA,NA,NA,NA,NA,""
"1999-07-15","O901",62,2550,1,2,126,NA,NA,NA,NA,NA,NA,NA,NA,NA,"hard; ;"
"1999-07-15","O901",62,2550,2,2,72,NA,NA,NA,NA,NA,NA,NA,NA,NA,"hard; ;"
"1999-07-15","O901",62,2550,3,1,89,NA,NA,NA,NA,NA,NA,NA,NA,NA,"hard; ;"
"1999-07-15","O901",62,2550,4,2,78,NA,NA,NA,NA,NA,NA,NA,NA,NA,"hard; ;"
"1999-07-16","O901",63,2513,1,2,84,NA,NA,NA,NA,NA,NA,NA,NA,NA,""
"1999-07-16","O901",63,2550,1,2,75,NA,NA,NA,NA,NA,NA,NA,NA,NA,"hard; ;"
"1999-07-16","O901",64,2550,1,1,69,NA,NA,NA,NA,NA,NA,NA,NA,NA,"hard; ;"
"1999-07-16","O901",64,2550,2,1,72,NA,NA,NA,NA,NA,NA,NA,NA,NA,"hard; ;"
"1999-07-16","O901",64,2550,3,1,64,NA,NA,NA,NA,NA,NA,NA,NA,NA,"hard; ;"
"1999-07-16","O901",64,2550,4,2,65,NA,NA,NA,NA,NA,NA,NA,NA,NA,"hard; ;"
"1999-07-16","O901",64,2550,5,1,81,NA,NA,NA,NA,NA,NA,NA,NA,NA,"hard; ;"
"1999-07-16","O901",64,2550,6,2,70,NA,NA,NA,NA,NA,NA,NA,NA,NA,"hard; ;"
"1999-07-16","O901",65,2550,1,2,57,NA,NA,NA,NA,NA,NA,NA,NA,NA,"hard; ;"
"1999-07-16","O901",65,2550,2,2,76,NA,NA,NA,NA,NA,NA,NA,NA,NA,"hard; ;"
"1999-07-16","O901",65,2550,3,2,73,NA,NA,NA,NA,NA,NA,NA,NA,NA,"hard; ;"
"1999-07-16","O901",65,2550,4,1,70,NA,NA,NA,NA,NA,NA,NA,NA,NA,"hard; ;"
"1999-07-16","O901",65,2550,5,1,187,NA,NA,NA,NA,NA,NA,NA,NA,NA,"hard; ;"
"1999-07-16","O901",65,2550,6,1,54,NA,NA,NA,NA,NA,NA,NA,NA,NA,"hard; ;"
"1999-07-16","O901",65,2550,7,1,56,NA,NA,NA,NA,NA,NA,NA,NA,NA,"hard; ;"
"1999-07-16","O901",65,2550,8,2,68,NA,NA,NA,NA,NA,NA,NA,NA,NA,"hard; ;"
"1999-07-16","O901",65,2550,9,1,98,NA,NA,NA,NA,NA,NA,NA,NA,NA,"hard; ;"
"1999-07-16","O901",65,2550,10,2,55,NA,NA,NA,NA,NA,NA,NA,NA,NA,"hard; ;"
"1999-07-16","O901",65,2550,11,2,65,NA,NA,NA,NA,NA,NA,NA,NA,NA,"hard; ;"
"1999-07-16","O901",65,2550,12,1,72,NA,NA,NA,NA,NA,NA,NA,NA,NA,"hard; ;"
"1999-07-16","O901",65,2550,13,2,77,NA,NA,NA,NA,NA,NA,NA,NA,NA,"hard; ;"
"1999-07-16","O901",65,2550,14,2,58,NA,NA,NA,NA,NA,NA,NA,NA,NA,"hard; ;"
"1999-07-16","O901",65,2550,15,2,77,NA,NA,NA,NA,NA,NA,NA,NA,NA,"hard; ;"
"1999-07-16","O901",66,2550,1,2,62,NA,NA,NA,NA,NA,NA,NA,NA,NA,"hard; ;"
"1999-07-16","O901",66,2550,2,2,65,NA,NA,NA,NA,NA,NA,NA,NA,NA,"hard; ;"
"1999-07-16","O901",66,2550,3,2,74,NA,NA,NA,NA,NA,NA,NA,NA,NA,"hard; ;"
"1999-07-16","O901",66,2550,4,2,65,NA,NA,NA,NA,NA,NA,NA,NA,NA,"hard; ;"
"1999-07-16","O901",66,2550,5,2,74,NA,NA,NA,NA,NA,NA,NA,NA,NA,"hard; ;"
"1999-07-16","O901",67,2513,1,1,57,NA,NA,NA,NA,NA,NA,NA,NA,NA,""
"1999-07-16","O901",67,2513,2,2,76,NA,NA,NA,NA,NA,NA,NA,NA,NA,""
"1999-07-16","O901",67,2513,3,2,44,NA,NA,NA,NA,NA,NA,NA,NA,NA,""
"1999-07-16","O901",67,2539,1,1,96,NA,NA,NA,NA,NA,NA,NA,NA,NA,""
"1999-07-16","O901",67,2550,1,1,76,NA,NA,NA,NA,NA,NA,NA,NA,NA,"hard; ;"
"1999-07-16","O901",68,2513,1,2,79,NA,NA,NA,NA,NA,NA,NA,NA,NA,""
"1999-07-16","O901",68,2539,1,1,96,NA,NA,NA,NA,NA,NA,NA,NA,NA,""
"1999-07-16","O901",68,2539,2,1,62,NA,NA,NA,NA,NA,NA,NA,NA,NA,""
"1999-07-16","O901",68,2550,1,2,62,NA,NA,NA,NA,NA,NA,NA,NA,NA,"hard; ;"
"1999-07-16","O901",68,2550,2,1,68,NA,NA,NA,NA,NA,NA,NA,NA,NA,"hard; ;"
"1999-07-16","O901",68,2550,3,1,74,NA,NA,NA,NA,NA,NA,NA,NA,NA,"hard; ;"
"1999-07-16","O901",69,2513,1,2,60,NA,NA,NA,NA,NA,NA,NA,NA,NA,""
"1999-07-16","O901",69,2513,2,2,58,NA,NA,NA,NA,NA,NA,NA,NA,NA,""
"1999-07-16","O901",69,2550,1,1,54,NA,NA,NA,NA,NA,NA,NA,NA,NA,"hard; ;"
"1999-07-16","O901",69,2550,2,2,88,NA,NA,NA,NA,NA,NA,NA,NA,NA,"hard; ;"
"1999-07-16","O901",69,2550,3,1,78,NA,NA,NA,NA,NA,NA,NA,NA,NA,"hard; ;"
"1999-07-16","O901",69,2550,4,1,84,NA,NA,NA,NA,NA,NA,NA,NA,NA,"hard; ;"
"1999-07-16","O901",69,2550,5,2,66,NA,NA,NA,NA,NA,NA,NA,NA,NA,"hard; ;"
"1999-07-16","O901",69,2550,6,1,79,NA,NA,NA,NA,NA,NA,NA,NA,NA,"hard; ;"
"1999-07-19","O901",70,2539,1,1,91,NA,NA,NA,NA,NA,NA,NA,NA,NA,""
"1999-07-19","O901",70,2550,1,1,73,NA,NA,NA,NA,NA,NA,NA,NA,NA,"hard; ;"
"1999-07-19","O901",70,2550,2,2,68,NA,NA,NA,NA,NA,NA,NA,NA,NA,"hard; ;"
"1999-07-19","O901",71,2550,1,1,55,NA,NA,NA,NA,NA,NA,NA,NA,NA,"hard; ;"
"1999-07-19","O901",71,2550,2,2,66,NA,NA,NA,NA,NA,NA,NA,NA,NA,"hard; ;"
"1999-07-19","O901",71,2550,3,1,37,NA,NA,NA,NA,NA,NA,NA,NA,NA,"hard; ;"
"1999-07-19","O901",71,2550,4,2,89,NA,NA,NA,NA,NA,NA,NA,NA,NA,"hard; ;"
"1999-07-19","O901",71,2550,5,1,61,NA,NA,NA,NA,NA,NA,NA,NA,NA,"hard; ;"
"1999-07-19","O901",71,2550,6,2,40,NA,NA,NA,NA,NA,NA,NA,NA,NA,"hard; ;"
"1999-07-19","O901",71,2550,7,1,56,NA,NA,NA,NA,NA,NA,NA,NA,NA,"hard; ;"
"1999-07-19","O901",71,2550,8,2,73,NA,NA,NA,NA,NA,NA,NA,NA,NA,"hard; ;"
"1999-07-19","O901",71,2550,9,2,77,NA,NA,NA,NA,NA,NA,NA,NA,NA,"hard; ;"
"1999-07-19","O901",71,2550,10,1,52,NA,NA,NA,NA,NA,NA,NA,NA,NA,"hard; ;"
"1999-07-19","O901",71,2550,11,1,29,NA,NA,NA,NA,NA,NA,NA,NA,NA,"hard; ;"
"1999-07-19","O901",71,2550,12,1,81,NA,NA,NA,NA,NA,NA,NA,NA,NA,"hard; ;"
"1999-07-19","O901",72,2513,1,2,61,NA,NA,NA,NA,NA,NA,NA,NA,NA,""
"1999-07-19","O901",72,2513,2,2,55,NA,NA,NA,NA,NA,NA,NA,NA,NA,""
"1999-07-19","O901",72,2539,1,1,90,NA,NA,NA,NA,NA,NA,NA,NA,NA,""
"1999-07-19","O901",72,2550,1,1,68,NA,NA,NA,NA,NA,NA,NA,NA,NA,"hard; ;"
"1999-07-19","O901",73,2513,1,2,58,NA,NA,NA,NA,NA,NA,NA,NA,NA,""
"1999-07-19","O901",73,2513,2,2,10,NA,NA,NA,NA,NA,NA,NA,NA,NA,""
"1999-07-19","O901",73,2550,1,1,68,NA,NA,NA,NA,NA,NA,NA,NA,NA,"hard; ;"
"1999-07-19","O901",73,2550,2,1,52,NA,NA,NA,NA,NA,NA,NA,NA,NA,"hard; ;"
"1999-07-19","O901",74,2539,1,1,87,NA,NA,NA,NA,NA,NA,NA,NA,NA,""
"1999-07-19","O901",74,2550,1,2,78,NA,NA,NA,NA,NA,NA,NA,NA,NA,"hard; berried; new"
"1999-07-19","O901",74,2550,2,1,88,NA,NA,NA,NA,NA,NA,NA,NA,NA,"hard; ;"
"1999-07-19","O901",74,2550,3,1,72,NA,NA,NA,NA,NA,NA,NA,NA,NA,"hard; ;"
"1999-07-19","O901",74,2550,4,1,68,NA,NA,NA,NA,NA,NA,NA,NA,NA,"hard; ;"
"1999-07-19","O901",74,2550,5,2,75,NA,NA,NA,NA,NA,NA,NA,NA,NA,"hard; ;"
"1999-07-19","O901",74,2550,6,1,83,NA,NA,NA,NA,NA,NA,NA,NA,NA,"hard; ;"
"1999-07-19","O901",75,2550,1,1,64,NA,NA,NA,NA,NA,NA,NA,NA,NA,"hard; ;"
"1999-07-19","O901",75,2550,2,2,50,NA,NA,NA,NA,NA,NA,NA,NA,NA,"hard; ;"
"1999-07-19","O901",75,2550,3,1,78,NA,NA,NA,NA,NA,NA,NA,NA,NA,"hard; ;"
"1999-07-19","O901",76,2513,1,2,53,NA,NA,NA,NA,NA,NA,NA,NA,NA,""
"1999-07-19","O901",76,2513,2,1,96,NA,NA,NA,NA,NA,NA,NA,NA,NA,""
"1999-07-19","O901",76,2513,3,2,63,NA,NA,NA,NA,NA,NA,NA,NA,NA,""
"1999-07-19","O901",76,2539,1,1,61,NA,NA,NA,NA,NA,NA,NA,NA,NA,""
"1999-07-19","O901",76,2550,1,2,35,NA,NA,NA,NA,NA,NA,NA,NA,NA,"hard; ;"
"1999-07-19","O901",76,2550,2,1,81,NA,NA,NA,NA,NA,NA,NA,NA,NA,"hard; ;"
"1999-07-19","O901",76,2550,3,1,30,NA,NA,NA,NA,NA,NA,NA,NA,NA,"hard; ;"
"1999-07-19","O901",76,2550,4,1,78,NA,NA,NA,NA,NA,NA,NA,NA,NA,"hard; ;"
"1999-07-19","O901",76,2550,5,1,34,NA,NA,NA,NA,NA,NA,NA,NA,NA,"hard; ;"
"1999-07-19","O901",76,2550,6,2,78,NA,NA,NA,NA,NA,NA,NA,NA,NA,"soft; ;"
"1999-07-19","O901",76,2550,7,1,69,NA,NA,NA,NA,NA,NA,NA,NA,NA,"hard; ;"
"1999-07-19","O901",76,2550,8,2,30,NA,NA,NA,NA,NA,NA,NA,NA,NA,"hard; ;"
"1999-07-19","O901",76,2550,9,2,90,NA,NA,NA,NA,NA,NA,NA,NA,NA,"soft; ;"
"1999-07-19","O901",76,2550,10,1,65,NA,NA,NA,NA,NA,NA,NA,NA,NA,"hard; ;"
"1999-07-21","O901",77,2539,1,2,76,NA,NA,NA,NA,NA,NA,NA,NA,NA,""
"1999-07-21","O901",77,2539,2,1,95,NA,NA,NA,NA,NA,NA,NA,NA,NA,""
"1999-07-21","O901",77,2550,1,1,87,NA,NA,NA,NA,NA,NA,NA,NA,NA,"hard; ;"
"1999-07-21","O901",78,2550,1,2,71,NA,NA,NA,NA,NA,NA,NA,NA,NA,"hard; ;"
"1999-07-21","O901",78,2550,2,1,69,NA,NA,NA,NA,NA,NA,NA,NA,NA,"hard; ;"
"1999-07-21","O901",78,2550,3,2,92,NA,NA,NA,NA,NA,NA,NA,NA,NA,""
"1999-07-21","O901",78,2550,4,2,82,NA,NA,NA,NA,NA,NA,NA,NA,NA,""
"1999-07-21","O901",78,2550,5,1,56,NA,NA,NA,NA,NA,NA,NA,NA,NA,"hard; ;"
"1999-07-21","O901",78,2550,6,2,83,NA,NA,NA,NA,NA,NA,NA,NA,NA,""
"1999-07-21","O901",78,2550,7,1,72,NA,NA,NA,NA,NA,NA,NA,NA,NA,""
"1999-07-21","O901",78,2550,8,2,61,NA,NA,NA,NA,NA,NA,NA,NA,NA,"hard; ;"
"1999-07-21","O901",78,2550,9,1,71,NA,NA,NA,NA,NA,NA,NA,NA,NA,""
"1999-07-21","O901",79,2513,1,2,52,NA,NA,NA,NA,NA,NA,NA,NA,NA,""
"1999-07-21","O901",79,2550,1,2,42,NA,NA,NA,NA,NA,NA,NA,NA,NA,""
"1999-07-21","O901",79,2550,2,1,77,NA,NA,NA,NA,NA,NA,NA,NA,NA,""
"1999-07-21","O901",79,2550,3,2,39,NA,NA,NA,NA,NA,NA,NA,NA,NA,""
"1999-07-21","O901",79,2550,4,1,36,NA,NA,NA,NA,NA,NA,NA,NA,NA,""
"1999-07-21","O901",79,2550,5,2,72,NA,NA,NA,NA,NA,NA,NA,NA,NA,""
"1999-07-21","O901",79,2550,6,2,73,NA,NA,NA,NA,NA,NA,NA,NA,NA,""
"1999-07-21","O901",79,2550,7,2,74,NA,NA,NA,NA,NA,NA,NA,NA,NA,""
"1999-07-21","O901",80,2513,1,2,68,NA,NA,NA,NA,NA,NA,NA,NA,NA,""
"1999-07-21","O901",80,2513,2,2,63,NA,NA,NA,NA,NA,NA,NA,NA,NA,""
"1999-07-21","O901",80,2550,1,2,44,NA,NA,NA,NA,NA,NA,NA,NA,NA,""
"1999-07-21","O901",80,2550,2,2,75,NA,NA,NA,NA,NA,NA,NA,NA,NA,""
"1999-07-21","O901",81,2550,1,1,51,NA,NA,NA,NA,NA,NA,NA,NA,NA,""
"1999-07-21","O901",81,2550,2,2,58,NA,NA,NA,NA,NA,NA,NA,NA,NA,""
"1999-07-21","O901",81,2550,3,1,44,NA,NA,NA,NA,NA,NA,NA,NA,NA,""
"1999-07-21","O901",81,2550,4,2,58,NA,NA,NA,NA,NA,NA,NA,NA,NA,""
"1999-07-21","O901",81,2550,5,1,66,NA,NA,NA,NA,NA,NA,NA,NA,NA,""
"1999-07-21","O901",81,2550,6,1,47,NA,NA,NA,NA,NA,NA,NA,NA,NA,""
"1999-07-21","O901",81,2550,7,1,60,NA,NA,NA,NA,NA,NA,NA,NA,NA,""
"1999-07-21","O901",81,2550,8,2,74,NA,NA,NA,NA,NA,NA,NA,NA,NA,""
"1999-07-21","O901",81,2550,9,2,66,NA,NA,NA,NA,NA,NA,NA,NA,NA,""
"1999-07-21","O901",81,2550,10,2,81,NA,NA,NA,NA,NA,NA,NA,NA,NA,""
"1999-07-21","O901",81,2550,11,1,59,NA,NA,NA,NA,NA,NA,NA,NA,NA,""
"1999-07-21","O901",82,2513,1,2,68,NA,NA,NA,NA,NA,NA,NA,NA,NA,""
"1999-07-21","O901",82,2513,2,1,60,NA,NA,NA,NA,NA,NA,NA,NA,NA,""
"1999-07-21","O901",82,2539,1,2,70,NA,NA,NA,NA,NA,NA,NA,NA,NA,""
"1999-07-21","O901",82,2550,1,2,91,NA,NA,NA,NA,NA,NA,NA,NA,NA,""
"1999-07-21","O901",82,2550,2,1,81,NA,NA,NA,NA,NA,NA,NA,NA,NA,""
"1999-07-21","O901",82,2550,3,1,91,NA,NA,NA,NA,NA,NA,NA,NA,NA,""
"1999-07-21","O901",82,2550,4,2,48,NA,NA,NA,NA,NA,NA,NA,NA,NA,""
"1999-07-21","O901",83,2550,1,2,88,NA,NA,NA,NA,NA,NA,NA,NA,NA,""
"1999-07-21","O901",83,2550,2,1,88,NA,NA,NA,NA,NA,NA,NA,NA,NA,""
"1999-07-21","O901",83,2550,3,2,47,NA,NA,NA,NA,NA,NA,NA,NA,NA,""
"1999-07-21","O901",84,2550,1,1,91,NA,NA,NA,NA,NA,NA,NA,NA,NA,""
"1999-07-21","O901",86,2550,1,2,60,NA,NA,NA,NA,NA,NA,NA,NA,NA,""
"1999-07-21","O901",86,2550,2,1,98,NA,NA,NA,NA,NA,NA,NA,NA,NA,""
"1999-07-21","O901",86,2550,3,2,76,NA,NA,NA,NA,NA,NA,NA,NA,NA,""
"1999-07-21","O901",86,2550,4,2,64,NA,NA,NA,NA,NA,NA,NA,NA,NA,""
"1999-07-21","O901",86,2550,5,2,59,NA,NA,NA,NA,NA,NA,NA,NA,NA,""
"1999-07-21","O901",86,2550,6,2,63,NA,NA,NA,NA,NA,NA,NA,NA,NA,""
"1999-07-21","O901",86,2550,7,1,69,NA,NA,NA,NA,NA,NA,NA,NA,NA,""
"1999-07-21","O901",87,2550,1,2,97,NA,NA,NA,NA,NA,NA,NA,NA,NA,""
"1999-07-21","O901",88,2550,1,2,99,NA,NA,NA,NA,NA,NA,NA,NA,NA,""
"1999-07-21","O901",88,2550,2,2,66,NA,NA,NA,NA,NA,NA,NA,NA,NA,""
"1999-07-22","O901",89,2539,1,2,76,NA,NA,NA,NA,NA,NA,NA,NA,NA,""
"1999-07-22","O901",89,2539,2,1,93,NA,NA,NA,NA,NA,NA,NA,NA,NA,""
"1999-07-22","O901",90,2513,1,2,81,NA,NA,NA,NA,NA,NA,NA,NA,NA,""
"1999-07-22","O901",90,2513,2,2,57,NA,NA,NA,NA,NA,NA,NA,NA,NA,""
"1999-07-22","O901",90,2513,3,2,70,NA,NA,NA,NA,NA,NA,NA,NA,NA,""
"1999-07-22","O901",90,2513,4,2,52,NA,NA,NA,NA,NA,NA,NA,NA,NA,""
"1999-07-22","O901",90,2513,5,2,78,NA,NA,NA,NA,NA,NA,NA,NA,NA,""
"1999-07-22","O901",91,2513,1,2,79,NA,NA,NA,NA,NA,NA,NA,NA,NA,""
"1999-07-22","O901",91,2513,2,2,77,NA,NA,NA,NA,NA,NA,NA,NA,NA,""
"1999-07-22","O901",91,2513,3,1,110,NA,NA,NA,NA,NA,NA,NA,NA,NA,""
"1999-07-22","O901",91,2513,4,1,111,NA,NA,NA,NA,NA,NA,NA,NA,NA,""
"1999-07-22","O901",91,2513,5,2,78,NA,NA,NA,NA,NA,NA,NA,NA,NA,""
"1999-07-22","O901",91,2513,6,1,99,NA,NA,NA,NA,NA,NA,NA,NA,NA,""
"1999-07-22","O901",91,2513,7,2,78,NA,NA,NA,NA,NA,NA,NA,NA,NA,""
"1999-07-22","O901",92,2513,1,2,81,NA,NA,NA,NA,NA,NA,NA,NA,NA,""
"1999-07-22","O901",92,2513,2,2,77,NA,NA,NA,NA,NA,NA,NA,NA,NA,""
"1999-07-22","O901",92,2513,3,2,73,NA,NA,NA,NA,NA,NA,NA,NA,NA,""
"1999-07-22","O901",92,2513,4,2,78,NA,NA,NA,NA,NA,NA,NA,NA,NA,""
"1999-07-22","O901",92,2513,5,2,77,NA,NA,NA,NA,NA,NA,NA,NA,NA,""
"1999-07-22","O901",92,2513,6,2,79,NA,NA,NA,NA,NA,NA,NA,NA,NA,""
"1999-07-22","O901",92,2513,7,2,78,NA,NA,NA,NA,NA,NA,NA,NA,NA,""
"1999-07-22","O901",92,2513,8,1,34,NA,NA,NA,NA,NA,NA,NA,NA,NA,""
"1999-07-22","O901",92,2513,9,2,73,NA,NA,NA,NA,NA,NA,NA,NA,NA,""
"1999-07-22","O901",92,2513,10,1,89,NA,NA,NA,NA,NA,NA,NA,NA,NA,""
"1999-07-22","O901",92,2513,11,2,73,NA,NA,NA,NA,NA,NA,NA,NA,NA,""
"1999-07-22","O901",92,2513,12,2,64,NA,NA,NA,NA,NA,NA,NA,NA,NA,""
"1999-07-22","O901",92,2513,13,2,64,NA,NA,NA,NA,NA,NA,NA,NA,NA,""
"1999-07-22","O901",92,2550,1,2,81,NA,NA,NA,NA,NA,NA,NA,NA,NA,""
"1999-07-22","O901",93,2513,1,1,97,NA,NA,NA,NA,NA,NA,NA,NA,NA,""
"1999-07-22","O901",93,2513,2,2,72,NA,NA,NA,NA,NA,NA,NA,NA,NA,""
"1999-07-22","O901",93,2513,3,2,68,NA,NA,NA,NA,NA,NA,NA,NA,NA,""
"1999-07-22","O901",93,2513,4,1,78,NA,NA,NA,NA,NA,NA,NA,NA,NA,""
"1999-07-22","O901",93,2513,5,2,83,NA,NA,NA,NA,NA,NA,NA,NA,NA,""
"1999-07-22","O901",93,2513,6,2,79,NA,NA,NA,NA,NA,NA,NA,NA,NA,""
"1999-07-22","O901",93,2513,7,2,82,NA,NA,NA,NA,NA,NA,NA,NA,NA,""
"1999-07-22","O901",93,2513,8,2,72,NA,NA,NA,NA,NA,NA,NA,NA,NA,""
"1999-07-22","O901",93,2513,9,1,104,NA,NA,NA,NA,NA,NA,NA,NA,NA,""
"1999-07-22","O901",93,2513,10,2,61,NA,NA,NA,NA,NA,NA,NA,NA,NA,""
"1999-07-22","O901",94,2513,1,2,85,NA,NA,NA,NA,NA,NA,NA,NA,NA,""
"1999-07-22","O901",94,2513,2,2,83,NA,NA,NA,NA,NA,NA,NA,NA,NA,""
"1999-07-22","O901",94,2550,1,1,104,NA,NA,NA,NA,NA,NA,NA,NA,NA,""
"1999-07-22","O901",95,2513,1,1,44,NA,NA,NA,NA,NA,NA,NA,NA,NA,""
"1999-07-22","O901",95,2513,2,1,72,NA,NA,NA,NA,NA,NA,NA,NA,NA,""
"1999-07-22","O901",95,2513,3,2,75,NA,NA,NA,NA,NA,NA,NA,NA,NA,""
"1999-07-22","O901",95,2513,4,2,74,NA,NA,NA,NA,NA,NA,NA,NA,NA,""
"1999-07-22","O901",95,2513,5,1,91,NA,NA,NA,NA,NA,NA,NA,NA,NA,""
"1999-07-22","O901",95,2513,6,2,83,NA,NA,NA,NA,NA,NA,NA,NA,NA,""
"1999-07-22","O901",95,2513,7,1,88,NA,NA,NA,NA,NA,NA,NA,NA,NA,""
"1999-07-22","O901",96,2513,1,2,83,NA,NA,NA,NA,NA,NA,NA,NA,NA,""
"1999-07-22","O901",96,2513,2,2,90,NA,NA,NA,NA,NA,NA,NA,NA,NA,""
"1999-07-22","O901",96,2513,3,2,83,NA,NA,NA,NA,NA,NA,NA,NA,NA,""
"1999-07-22","O901",96,2513,4,2,84,NA,NA,NA,NA,NA,NA,NA,NA,NA,""
"1999-07-22","O901",97,2513,1,2,71,NA,NA,NA,NA,NA,NA,NA,NA,NA,""
"1999-07-22","O901",97,2513,2,1,94,NA,NA,NA,NA,NA,NA,NA,NA,NA,""
"1999-07-22","O901",97,2513,3,1,96,NA,NA,NA,NA,NA,NA,NA,NA,NA,""
"1999-07-22","O901",98,2513,1,1,106,NA,NA,NA,NA,NA,NA,NA,NA,NA,""
"1999-07-22","O901",99,2513,1,1,69,NA,NA,NA,NA,NA,NA,NA,NA,NA,""
"1999-07-22","O901",103,2513,1,1,77,NA,NA,NA,NA,NA,NA,NA,NA,NA,""
"1999-07-23","O901",104,2513,1,2,56,NA,NA,NA,NA,NA,NA,NA,NA,NA,""
"1999-07-23","O901",104,2513,2,2,54,NA,NA,NA,NA,NA,NA,NA,NA,NA,""
"1999-07-23","O901",104,2513,3,2,78,NA,NA,NA,NA,NA,NA,NA,NA,NA,""
"1999-07-23","O901",104,2550,1,1,68,NA,NA,NA,NA,NA,NA,NA,NA,NA,""
"1999-07-23","O901",104,2550,2,1,71,NA,NA,NA,NA,NA,NA,NA,NA,NA,""
"1999-07-23","O901",105,2513,1,1,63,NA,NA,NA,NA,NA,NA,NA,NA,NA,""
"1999-07-23","O901",105,2513,2,1,74,NA,NA,NA,NA,NA,NA,NA,NA,NA,""
"1999-07-23","O901",105,2513,3,2,84,NA,NA,NA,NA,NA,NA,NA,NA,NA,""
"1999-07-23","O901",105,2513,4,2,64,NA,NA,NA,NA,NA,NA,NA,NA,NA,""
"1999-07-23","O901",105,2550,1,2,79,NA,NA,NA,NA,NA,NA,NA,NA,NA,""
"1999-07-23","O901",105,2550,2,2,81,NA,NA,NA,NA,NA,NA,NA,NA,NA,""
"1999-07-26","O901",106,2539,1,1,61,NA,NA,NA,NA,NA,NA,NA,NA,NA,""
"1999-07-26","O901",106,2550,1,1,78,NA,NA,NA,NA,NA,NA,NA,NA,NA,""
"1999-07-26","O901",106,2550,2,2,90,NA,NA,NA,NA,NA,NA,NA,NA,NA,""
"1999-07-26","O901",106,2550,3,2,46,NA,NA,NA,NA,NA,NA,NA,NA,NA,""
"1999-07-26","O901",106,2550,4,2,83,NA,NA,NA,NA,NA,NA,NA,NA,NA,""
"1999-07-26","O901",107,2513,1,1,41,NA,NA,NA,NA,NA,NA,NA,NA,NA,""
"1999-07-26","O901",107,2513,2,1,70,NA,NA,NA,NA,NA,NA,NA,NA,NA,""
"1999-07-26","O901",107,2539,1,1,72,NA,NA,NA,NA,NA,NA,NA,NA,NA,""
"1999-07-26","O901",107,2539,2,1,85,NA,NA,NA,NA,NA,NA,NA,NA,NA,""
"1999-07-26","O901",107,2539,3,1,84,NA,NA,NA,NA,NA,NA,NA,NA,NA,""
"1999-07-26","O901",107,2550,1,2,92,NA,NA,NA,NA,NA,NA,NA,NA,NA,""
"1999-07-26","O901",108,2539,1,2,65,NA,NA,NA,NA,NA,NA,NA,NA,NA,""
"1999-07-26","O901",108,2539,2,2,72,NA,NA,NA,NA,NA,NA,NA,NA,NA,""
"1999-07-26","O901",108,2550,1,1,80,NA,NA,NA,NA,NA,NA,NA,NA,NA,""
"1999-07-26","O901",109,2539,1,1,97,NA,NA,NA,NA,NA,NA,NA,NA,NA,""
"1999-07-26","O901",110,2513,1,1,64,NA,NA,NA,NA,NA,NA,NA,NA,NA,""
"1999-07-26","O901",110,2513,2,1,61,NA,NA,NA,NA,NA,NA,NA,NA,NA,""
"1999-07-26","O901",111,2539,1,1,92,NA,NA,NA,NA,NA,NA,NA,NA,NA,""
"1999-07-26","O901",111,2539,2,2,49,NA,NA,NA,NA,NA,NA,NA,NA,NA,""
"1999-07-26","O901",111,2539,3,1,84,NA,NA,NA,NA,NA,NA,NA,NA,NA,""
"1999-07-26","O901",111,2539,4,1,80,NA,NA,NA,NA,NA,NA,NA,NA,NA,""
"1999-07-26","O901",112,2513,1,1,37,NA,NA,NA,NA,NA,NA,NA,NA,NA,""
"1999-07-26","O901",112,2539,1,1,87,NA,NA,NA,NA,NA,NA,NA,NA,NA,""
"1999-07-26","O901",112,2539,2,1,84,NA,NA,NA,NA,NA,NA,NA,NA,NA,""
"1999-07-26","O901",112,2550,1,2,73,NA,NA,NA,NA,NA,NA,NA,NA,NA,""
"1999-07-26","O901",113,2539,1,1,93,NA,NA,NA,NA,NA,NA,NA,NA,NA,""
"1999-07-26","O901",113,2539,2,2,61,NA,NA,NA,NA,NA,NA,NA,NA,NA,""
"1999-07-26","O901",113,2539,3,2,38,NA,NA,NA,NA,NA,NA,NA,NA,NA,""
"1999-07-26","O901",113,2539,4,1,84,NA,NA,NA,NA,NA,NA,NA,NA,NA,""
"1999-07-26","O901",113,2539,5,2,40,NA,NA,NA,NA,NA,NA,NA,NA,NA,""
"1999-07-26","O901",113,2539,6,1,94,NA,NA,NA,NA,NA,NA,NA,NA,NA,""
"1999-07-26","O901",113,2539,7,1,87,NA,NA,NA,NA,NA,NA,NA,NA,NA,""
"1999-07-26","O901",113,2539,8,2,49,NA,NA,NA,NA,NA,NA,NA,NA,NA,""
"1999-07-26","O901",113,2550,1,1,92,NA,NA,NA,NA,NA,NA,NA,NA,NA,""
"1999-07-26","O901",114,2539,1,2,39,NA,NA,NA,NA,NA,NA,NA,NA,NA,""
"1999-07-26","O901",114,2539,2,2,26,NA,NA,NA,NA,NA,NA,NA,NA,NA,""
"1999-07-26","O901",114,2539,3,1,93,NA,NA,NA,NA,NA,NA,NA,NA,NA,""
"1999-07-26","O901",114,2539,4,1,98,NA,NA,NA,NA,NA,NA,NA,NA,NA,""
"1999-07-26","O901",114,2539,5,1,78,NA,NA,NA,NA,NA,NA,NA,NA,NA,""
"1999-07-26","O901",114,2539,6,1,49,NA,NA,NA,NA,NA,NA,NA,NA,NA,""
"1999-07-26","O901",114,2539,7,1,43,NA,NA,NA,NA,NA,NA,NA,NA,NA,""
"1999-07-26","O901",114,2539,8,1,40,NA,NA,NA,NA,NA,NA,NA,NA,NA,""
"1999-07-26","O901",114,2539,9,2,53,NA,NA,NA,NA,NA,NA,NA,NA,NA,""
"1999-07-26","O901",114,2539,10,2,53,NA,NA,NA,NA,NA,NA,NA,NA,NA,""
"1999-07-26","O901",114,2539,11,1,49,NA,NA,NA,NA,NA,NA,NA,NA,NA,""
"1999-07-26","O901",114,2539,12,2,47,NA,NA,NA,NA,NA,NA,NA,NA,NA,""
"1999-07-26","O901",114,2539,13,2,40,NA,NA,NA,NA,NA,NA,NA,NA,NA,""
"1999-07-26","O901",114,2539,14,2,47,NA,NA,NA,NA,NA,NA,NA,NA,NA,""
"1999-07-26","O901",114,2539,15,1,40,NA,NA,NA,NA,NA,NA,NA,NA,NA,""
"1999-07-27","O901",115,2539,1,1,86,NA,NA,NA,NA,NA,NA,NA,NA,NA,""
"1999-07-27","O901",115,2550,1,2,72,NA,NA,NA,NA,NA,NA,NA,NA,NA,""
"1999-07-27","O901",115,2550,2,1,82,NA,NA,NA,NA,NA,NA,NA,NA,NA,""
"1999-07-27","O901",115,2550,3,2,89,NA,NA,NA,NA,NA,NA,NA,NA,NA,""
"1999-07-27","O901",115,2550,4,1,69,NA,NA,NA,NA,NA,NA,NA,NA,NA,""
"1999-07-27","O901",115,2550,5,1,71,NA,NA,NA,NA,NA,NA,NA,NA,NA,""
"1999-07-27","O901",115,2550,6,1,73,NA,NA,NA,NA,NA,NA,NA,NA,NA,""
"1999-07-27","O901",116,2513,1,1,59,NA,NA,NA,NA,NA,NA,NA,NA,NA,""
"1999-07-27","O901",116,2513,2,1,92,NA,NA,NA,NA,NA,NA,NA,NA,NA,""
"1999-07-27","O901",116,2539,1,1,97,NA,NA,NA,NA,NA,NA,NA,NA,NA,""
"1999-07-27","O901",116,2539,2,1,96,NA,NA,NA,NA,NA,NA,NA,NA,NA,""
"1999-07-27","O901",116,2550,1,1,73,NA,NA,NA,NA,NA,NA,NA,NA,NA,""
"1999-07-27","O901",116,2550,2,1,92,NA,NA,NA,NA,NA,NA,NA,NA,NA,""
"1999-07-27","O901",116,2550,3,1,63,NA,NA,NA,NA,NA,NA,NA,NA,NA,""
"1999-07-27","O901",117,2550,1,2,67,NA,NA,NA,NA,NA,NA,NA,NA,NA,""
"1999-07-27","O901",117,2550,2,2,78,NA,NA,NA,NA,NA,NA,NA,NA,NA,""
"1999-07-27","O901",117,2550,3,2,59,NA,NA,NA,NA,NA,NA,NA,NA,NA,""
"1999-07-27","O901",117,2550,4,1,58,NA,NA,NA,NA,NA,NA,NA,NA,NA,""
"1999-07-27","O901",117,2550,5,1,63,NA,NA,NA,NA,NA,NA,NA,NA,NA,""
"1999-07-27","O901",117,2550,6,2,70,NA,NA,NA,NA,NA,NA,NA,NA,NA,""
"1999-07-27","O901",117,2550,7,1,71,NA,NA,NA,NA,NA,NA,NA,NA,NA,""
"1999-07-27","O901",117,2550,8,1,76,NA,NA,NA,NA,NA,NA,NA,NA,NA,""
"1999-07-27","O901",117,2550,9,1,68,NA,NA,NA,NA,NA,NA,NA,NA,NA,""
"1999-07-27","O901",117,2550,10,2,88,NA,NA,NA,NA,NA,NA,NA,NA,NA,""
"1999-07-27","O901",117,2550,11,1,48,NA,NA,NA,NA,NA,NA,NA,NA,NA,""
"1999-07-27","O901",117,2550,12,1,70,NA,NA,NA,NA,NA,NA,NA,NA,NA,""
"1999-07-27","O901",117,2550,13,2,61,NA,NA,NA,NA,NA,NA,NA,NA,NA,""
"1999-07-27","O901",119,2513,1,1,94,NA,NA,NA,NA,NA,NA,NA,NA,NA,""
"1999-07-27","O901",119,2539,1,2,83,NA,NA,NA,NA,NA,NA,NA,NA,NA,""
"1999-07-27","O901",119,2550,1,1,76,NA,NA,NA,NA,NA,NA,NA,NA,NA,""
"1999-07-27","O901",120,2513,1,2,61,NA,NA,NA,NA,NA,NA,NA,NA,NA,""
"1999-07-27","O901",120,2513,2,1,27,NA,NA,NA,NA,NA,NA,NA,NA,NA,""
"1999-07-27","O901",120,2513,3,2,58,NA,NA,NA,NA,NA,NA,NA,NA,NA,""
"1999-07-27","O901",120,2550,1,2,64,NA,NA,NA,NA,NA,NA,NA,NA,NA,""
"1999-07-27","O901",120,2550,2,2,45,NA,NA,NA,NA,NA,NA,NA,NA,NA,""
"1999-07-27","O901",120,2550,3,1,71,NA,NA,NA,NA,NA,NA,NA,NA,NA,""
"1999-07-27","O901",120,2550,4,1,87,NA,NA,NA,NA,NA,NA,NA,NA,NA,""
"1999-07-27","O901",120,2550,5,2,78,NA,NA,NA,NA,NA,NA,NA,NA,NA,""
"1999-07-27","O901",121,2539,1,2,49,NA,NA,NA,NA,NA,NA,NA,NA,NA,""
"1999-07-27","O901",121,2539,2,1,91,NA,NA,NA,NA,NA,NA,NA,NA,NA,""
"1999-07-27","O901",121,2539,3,1,78,NA,NA,NA,NA,NA,NA,NA,NA,NA,""
"1999-07-27","O901",121,2550,1,1,93,NA,NA,NA,NA,NA,NA,NA,NA,NA,""
"1999-07-27","O901",121,2550,2,1,76,NA,NA,NA,NA,NA,NA,NA,NA,NA,""
"1999-07-27","O901",122,2550,1,1,75,NA,NA,NA,NA,NA,NA,NA,NA,NA,""
"1999-07-27","O901",122,2550,2,2,85,NA,NA,NA,NA,NA,NA,NA,NA,NA,""
"1999-07-27","O901",122,2550,3,2,70,NA,NA,NA,NA,NA,NA,NA,NA,NA,""
"1999-07-27","O901",122,2550,4,2,75,NA,NA,NA,NA,NA,NA,NA,NA,NA,""
"1999-07-27","O901",122,2550,5,2,82,NA,NA,NA,NA,NA,NA,NA,NA,NA,""
"1999-07-27","O901",122,2550,6,2,84,NA,NA,NA,NA,NA,NA,NA,NA,NA,""
"1999-07-27","O901",122,2550,7,2,73,NA,NA,NA,NA,NA,NA,NA,NA,NA,""
"1999-07-27","O901",123,2513,1,1,69,NA,NA,NA,NA,NA,NA,NA,NA,NA,""
"1999-07-27","O901",123,2513,2,2,69,NA,NA,NA,NA,NA,NA,NA,NA,NA,""
"1999-07-27","O901",123,2550,1,2,74,NA,NA,NA,NA,NA,NA,NA,NA,NA,""
"1999-07-27","O901",123,2550,2,2,67,NA,NA,NA,NA,NA,NA,NA,NA,NA,""
"1999-07-27","O901",123,2550,3,2,84,NA,NA,NA,NA,NA,NA,NA,NA,NA,""
"1999-07-27","O901",124,2550,1,2,77,NA,NA,NA,NA,NA,NA,NA,NA,NA,""
"1999-07-27","O901",124,2550,2,2,90,NA,NA,NA,NA,NA,NA,NA,NA,NA,""
"1999-07-27","O901",124,2550,3,1,56,NA,NA,NA,NA,NA,NA,NA,NA,NA,""
"1999-07-27","O901",124,2550,4,1,78,NA,NA,NA,NA,NA,NA,NA,NA,NA,""
"1999-07-27","O901",125,2550,1,2,75,NA,NA,NA,NA,NA,NA,NA,NA,NA,""
"1999-07-27","O901",125,2550,2,1,86,NA,NA,NA,NA,NA,NA,NA,NA,NA,""
"1999-07-27","O901",125,2550,3,2,84,NA,NA,NA,NA,NA,NA,NA,NA,NA,""
"1999-07-28","O901",126,2513,1,1,102,NA,NA,NA,NA,NA,NA,NA,NA,NA,""
"1999-07-28","O901",126,2513,2,2,64,NA,NA,NA,NA,NA,NA,NA,NA,NA,""
"1999-07-28","O901",126,2550,1,1,94,NA,NA,NA,NA,NA,NA,NA,NA,NA,""
"1999-07-28","O901",126,2550,2,1,80,NA,NA,NA,NA,NA,NA,NA,NA,NA,""
"1999-07-28","O901",126,2550,3,1,72,NA,NA,NA,NA,NA,NA,NA,NA,NA,""
"1999-07-28","O901",127,2513,1,1,62,NA,NA,NA,NA,NA,NA,NA,NA,NA,""
"1999-07-28","O901",127,2513,2,2,28,NA,NA,NA,NA,NA,NA,NA,NA,NA,""
"1999-07-28","O901",127,2550,1,1,77,NA,NA,NA,NA,NA,NA,NA,NA,NA,""
"1999-07-28","O901",127,2550,2,1,77,NA,NA,NA,NA,NA,NA,NA,NA,NA,""
"1999-07-28","O901",127,2550,3,2,43,NA,NA,NA,NA,NA,NA,NA,NA,NA,""
"1999-07-28","O901",127,2550,4,1,71,NA,NA,NA,NA,NA,NA,NA,NA,NA,""
"1999-07-28","O901",127,2550,5,1,67,NA,NA,NA,NA,NA,NA,NA,NA,NA,""
"1999-07-28","O901",127,2550,6,1,81,NA,NA,NA,NA,NA,NA,NA,NA,NA,""
"1999-07-28","O901",127,2550,7,2,60,NA,NA,NA,NA,NA,NA,NA,NA,NA,""
"1999-07-28","O901",127,2550,8,2,67,NA,NA,NA,NA,NA,NA,NA,NA,NA,""
"1999-07-28","O901",127,2550,9,1,54,NA,NA,NA,NA,NA,NA,NA,NA,NA,""
"1999-07-28","O901",127,2550,10,1,53,NA,NA,NA,NA,NA,NA,NA,NA,NA,""
"1999-07-28","O901",127,2550,11,2,72,NA,NA,NA,NA,NA,NA,NA,NA,NA,""
"1999-07-28","O901",127,2550,12,2,72,NA,NA,NA,NA,NA,NA,NA,NA,NA,""
"1999-07-28","O901",127,2550,13,2,72,NA,NA,NA,NA,NA,NA,NA,NA,NA,""
"1999-07-28","O901",127,2550,14,1,84,NA,NA,NA,NA,NA,NA,NA,NA,NA,""
"1999-07-28","O901",127,2550,15,2,63,NA,NA,NA,NA,NA,NA,NA,NA,NA,""
"1999-07-28","O901",127,2550,16,2,58,NA,NA,NA,NA,NA,NA,NA,NA,NA,""
"1999-07-28","O901",127,2550,17,2,66,NA,NA,NA,NA,NA,NA,NA,NA,NA,""
"1999-07-28","O901",127,2550,18,1,57,NA,NA,NA,NA,NA,NA,NA,NA,NA,""
"1999-07-28","O901",128,2513,1,2,82,NA,NA,NA,NA,NA,NA,NA,NA,NA,""
"1999-07-28","O901",128,2513,2,2,83,NA,NA,NA,NA,NA,NA,NA,NA,NA,""
"1999-07-28","O901",128,2550,1,1,77,NA,NA,NA,NA,NA,NA,NA,NA,NA,""
"1999-07-28","O901",128,2550,2,2,72,NA,NA,NA,NA,NA,NA,NA,NA,NA,""
"1999-07-28","O901",128,2550,3,2,87,NA,NA,NA,NA,NA,NA,NA,NA,NA,""
"1999-07-28","O901",128,2550,4,1,97,NA,NA,NA,NA,NA,NA,NA,NA,NA,""
"1999-07-28","O901",129,2550,1,1,72,NA,NA,NA,NA,NA,NA,NA,NA,NA,""
"1999-07-28","O901",130,2513,1,1,95,NA,NA,NA,NA,NA,NA,NA,NA,NA,""
"1999-07-28","O901",130,2539,1,1,82,NA,NA,NA,NA,NA,NA,NA,NA,NA,""
"1999-07-28","O901",130,2550,1,1,85,NA,NA,NA,NA,NA,NA,NA,NA,NA,""
"1999-07-28","O901",131,2513,1,2,42,NA,NA,NA,NA,NA,NA,NA,NA,NA,""
"1999-07-28","O901",131,2539,1,1,95,NA,NA,NA,NA,NA,NA,NA,NA,NA,""
"1999-07-28","O901",131,2550,1,2,74,NA,NA,NA,NA,NA,NA,NA,NA,NA,""
"1999-07-28","O901",131,2550,2,1,72,NA,NA,NA,NA,NA,NA,NA,NA,NA,""
"1999-07-28","O901",131,2550,3,2,55,NA,NA,NA,NA,NA,NA,NA,NA,NA,""
"1999-07-28","O901",132,2550,1,1,64,NA,NA,NA,NA,NA,NA,NA,NA,NA,""
"1999-07-28","O901",133,2513,1,2,72,NA,NA,NA,NA,NA,NA,NA,NA,NA,""
"1999-07-28","O901",133,2550,1,2,60,NA,NA,NA,NA,NA,NA,NA,NA,NA,""
"1999-07-28","O901",133,2550,2,2,64,NA,NA,NA,NA,NA,NA,NA,NA,NA,""
"1999-07-28","O901",133,2550,3,2,64,NA,NA,NA,NA,NA,NA,NA,NA,NA,""
"1999-07-28","O901",133,2550,4,1,69,NA,NA,NA,NA,NA,NA,NA,NA,NA,""
"1999-07-28","O901",133,2550,5,1,65,NA,NA,NA,NA,NA,NA,NA,NA,NA,""
"1999-07-28","O901",133,2550,6,2,57,NA,NA,NA,NA,NA,NA,NA,NA,NA,""
"1999-07-28","O901",133,2550,7,1,60,NA,NA,NA,NA,NA,NA,NA,NA,NA,""
"1999-07-28","O901",133,2550,8,2,66,NA,NA,NA,NA,NA,NA,NA,NA,NA,""
"1999-07-28","O901",133,2550,9,1,61,NA,NA,NA,NA,NA,NA,NA,NA,NA,""
"1999-07-28","O901",133,2550,10,2,70,NA,NA,NA,NA,NA,NA,NA,NA,NA,""
"1999-07-28","O901",133,2550,11,2,69,NA,NA,NA,NA,NA,NA,NA,NA,NA,""
"1999-07-28","O901",133,2550,12,2,66,NA,NA,NA,NA,NA,NA,NA,NA,NA,""
"1999-07-28","O901",134,2550,1,2,51,NA,NA,NA,NA,NA,NA,NA,NA,NA,""
"1999-07-28","O901",134,2550,2,2,67,NA,NA,NA,NA,NA,NA,NA,NA,NA,""
"1999-07-28","O901",134,2550,3,2,75,NA,NA,NA,NA,NA,NA,NA,NA,NA,""
"1999-07-28","O901",134,2550,4,2,70,NA,NA,NA,NA,NA,NA,NA,NA,NA,""
"1999-07-28","O901",134,2550,5,2,71,NA,NA,NA,NA,NA,NA,NA,NA,NA,""
"1999-07-28","O901",134,2550,6,1,42,NA,NA,NA,NA,NA,NA,NA,NA,NA,""
"1999-07-28","O901",134,2550,7,2,78,NA,NA,NA,NA,NA,NA,NA,NA,NA,""
"1999-07-28","O901",134,2550,8,1,56,NA,NA,NA,NA,NA,NA,NA,NA,NA,""
"1999-07-28","O901",134,2550,9,1,58,NA,NA,NA,NA,NA,NA,NA,NA,NA,""
"1999-07-28","O901",134,2550,10,1,71,NA,NA,NA,NA,NA,NA,NA,NA,NA,""
"1999-07-28","O901",134,2550,11,1,54,NA,NA,NA,NA,NA,NA,NA,NA,NA,""
"1999-07-28","O901",135,2513,1,1,86,NA,NA,NA,NA,NA,NA,NA,NA,NA,""
"1999-07-28","O901",135,2513,2,1,85,NA,NA,NA,NA,NA,NA,NA,NA,NA,""
"1999-07-28","O901",135,2550,1,2,87,NA,NA,NA,NA,NA,NA,NA,NA,NA,""
"1999-07-28","O901",135,2550,2,1,79,NA,NA,NA,NA,NA,NA,NA,NA,NA,""
"1999-07-28","O901",135,2550,3,1,73,NA,NA,NA,NA,NA,NA,NA,NA,NA,""
"1999-07-28","O901",135,2550,4,2,75,NA,NA,NA,NA,NA,NA,NA,NA,NA,""
"1999-07-28","O901",135,2550,5,2,83,NA,NA,NA,NA,NA,NA,NA,NA,NA,""
"1999-07-28","O901",135,2550,6,2,73,NA,NA,NA,NA,NA,NA,NA,NA,NA,""
"1999-07-28","O901",135,2550,7,2,78,NA,NA,NA,NA,NA,NA,NA,NA,NA,""
