"date","tow.id","probe","location","position","event","time"
"2021-07-12","XP001","","","","stop","7:53:08"
"2021-07-12","XP002","","","","stop","9:23:48"
"2021-07-12","XP003","","","","stop","10:43:50"
"2021-07-12","XP004","","","","stop","12:01:14"
"2021-07-12","XP005","","","","stop","13:33:06"
"2021-07-12","XP006","","","","stop","14:45:07"
"2021-07-12","XP007","","","","stop","15:52:12"
"2021-07-12","XP008","","","","stop","17:13:11"
"2021-07-13","XP009","","","","stop","7:44:29"
"2021-07-13","XP010","","","","stop","8:40:53"
"2021-07-13","XP011","","","","stop","9:38:23"
"2021-07-13","XP012","","","","stop","10:38:08"
"2021-07-13","XP013","","","","stop","11:39:00"
"2021-07-13","XP014","","","","stop","12:46:11"
"2021-07-13","XP015","","","","stop","13:46:24"
"2021-07-13","XP016","","","","stop","14:52:45"
"2021-07-13","XP017","","","","stop","15:56:30"
"2021-07-13","XP018","","","","stop","16:53:25"
"2021-07-13","XP019","","","","stop","17:55:35"
"2021-07-13","XP020","","","","stop","18:53:53"
"2021-07-12","XP001","Star Oddi DST-Tilt","door","starboard","touchdown","7:48:00"
"2021-07-12","XP002","Star Oddi DST-Tilt","door","starboard","touchdown","9:18:31"
"2021-07-12","XP003","Star Oddi DST-Tilt","door","starboard","touchdown","10:38:32"
"2021-07-12","XP004","Star Oddi DST-Tilt","door","starboard","touchdown","11:56:00"
"2021-07-12","XP005","Star Oddi DST-Tilt","door","starboard","touchdown","13:27:37"
"2021-07-12","XP006","Star Oddi DST-Tilt","door","starboard","touchdown","14:39:51"
"2021-07-12","XP007","Star Oddi DST-Tilt","door","starboard","touchdown","15:46:52"
"2021-07-12","XP008","Star Oddi DST-Tilt","door","starboard","touchdown","17:07:42"
"2021-07-13","XP009","Star Oddi DST-Tilt","door","starboard","touchdown","7:39:16"
"2021-07-13","XP010","Star Oddi DST-Tilt","door","starboard","touchdown","8:35:38"
"2021-07-13","XP011","Star Oddi DST-Tilt","door","starboard","touchdown","9:33:04"
"2021-07-13","XP012","Star Oddi DST-Tilt","door","starboard","touchdown","10:32:47"
"2021-07-13","XP013","Star Oddi DST-Tilt","door","starboard","touchdown","11:33:49"
"2021-07-13","XP014","Star Oddi DST-Tilt","door","starboard","touchdown","12:41:03"
"2021-07-13","XP015","Star Oddi DST-Tilt","door","starboard","touchdown","13:40:55"
"2021-07-13","XP016","Star Oddi DST-Tilt","door","starboard","touchdown","14:47:23"
"2021-07-13","XP017","Star Oddi DST-Tilt","door","starboard","touchdown","15:51:06"
"2021-07-13","XP018","Star Oddi DST-Tilt","door","starboard","touchdown","16:48:00"
"2021-07-13","XP019","Star Oddi DST-Tilt","door","starboard","touchdown","17:50:12"
"2021-07-13","XP020","Star Oddi DST-Tilt","door","starboard","touchdown","18:48:39"
"2021-07-12","XP001","Star Oddi DST-Tilt","door","starboard","liftoff","7:54:47"
"2021-07-12","XP002","Star Oddi DST-Tilt","door","starboard","liftoff","9:23:54"
"2021-07-12","XP003","Star Oddi DST-Tilt","door","starboard","liftoff","10:43:49"
"2021-07-12","XP004","Star Oddi DST-Tilt","door","starboard","liftoff","12:01:17"
"2021-07-12","XP005","Star Oddi DST-Tilt","door","starboard","liftoff","13:33:07"
"2021-07-12","XP006","Star Oddi DST-Tilt","door","starboard","liftoff","14:45:08"
"2021-07-12","XP007","Star Oddi DST-Tilt","door","starboard","liftoff","15:52:13"
"2021-07-12","XP008","Star Oddi DST-Tilt","door","starboard","liftoff","17:14:26"
"2021-07-13","XP009","Star Oddi DST-Tilt","door","starboard","liftoff","7:45:51"
"2021-07-13","XP010","Star Oddi DST-Tilt","door","starboard","liftoff","8:40:44"
"2021-07-13","XP011","Star Oddi DST-Tilt","door","starboard","liftoff","9:39:16"
"2021-07-13","XP012","Star Oddi DST-Tilt","door","starboard","liftoff","10:38:09"
"2021-07-13","XP013","Star Oddi DST-Tilt","door","starboard","liftoff","11:39:03"
"2021-07-13","XP014","Star Oddi DST-Tilt","door","starboard","liftoff","12:47:28"
"2021-07-13","XP015","Star Oddi DST-Tilt","door","starboard","liftoff","13:48:50"
"2021-07-13","XP016","Star Oddi DST-Tilt","door","starboard","liftoff","14:52:46"
"2021-07-13","XP017","Star Oddi DST-Tilt","door","starboard","liftoff","15:56:30"
"2021-07-13","XP018","Star Oddi DST-Tilt","door","starboard","liftoff","16:55:17"
"2021-07-13","XP019","Star Oddi DST-Tilt","door","starboard","liftoff","17:57:10"
"2021-07-13","XP020","Star Oddi DST-Tilt","door","starboard","liftoff","18:53:53"
"2021-07-12","XP001","Star Oddi DST-Tilt","door","port","touchdown","7:47:57"
"2021-07-12","XP002","Star Oddi DST-Tilt","door","port","touchdown","9:18:27"
"2021-07-12","XP003","Star Oddi DST-Tilt","door","port","touchdown","10:38:33"
"2021-07-12","XP004","Star Oddi DST-Tilt","door","port","touchdown","11:56:01"
"2021-07-12","XP005","Star Oddi DST-Tilt","door","port","touchdown","13:27:41"
"2021-07-12","XP006","Star Oddi DST-Tilt","door","port","touchdown","14:39:52"
"2021-07-12","XP007","Star Oddi DST-Tilt","door","port","touchdown","15:46:57"
"2021-07-12","XP008","Star Oddi DST-Tilt","door","port","touchdown","17:07:36"
"2021-07-13","XP009","Star Oddi DST-Tilt","door","port","touchdown","7:39:14"
"2021-07-13","XP010","Star Oddi DST-Tilt","door","port","touchdown","8:35:37"
"2021-07-13","XP011","Star Oddi DST-Tilt","door","port","touchdown","9:33:02"
"2021-07-13","XP012","Star Oddi DST-Tilt","door","port","touchdown","10:32:43"
"2021-07-13","XP013","Star Oddi DST-Tilt","door","port","touchdown","11:33:48"
"2021-07-13","XP014","Star Oddi DST-Tilt","door","port","touchdown","12:41:01"
"2021-07-13","XP015","Star Oddi DST-Tilt","door","port","touchdown","13:40:55"
"2021-07-13","XP016","Star Oddi DST-Tilt","door","port","touchdown","14:47:18"
"2021-07-13","XP017","Star Oddi DST-Tilt","door","port","touchdown","15:51:03"
"2021-07-13","XP018","Star Oddi DST-Tilt","door","port","touchdown","16:47:59"
"2021-07-13","XP019","Star Oddi DST-Tilt","door","port","touchdown","17:50:09"
"2021-07-13","XP020","Star Oddi DST-Tilt","door","port","touchdown","18:48:38"
"2021-07-12","XP001","Star Oddi DST-Tilt","door","port","liftoff","7:54:13"
"2021-07-12","XP002","Star Oddi DST-Tilt","door","port","liftoff","9:23:54"
"2021-07-12","XP003","Star Oddi DST-Tilt","door","port","liftoff","10:43:50"
"2021-07-12","XP004","Star Oddi DST-Tilt","door","port","liftoff","12:01:18"
"2021-07-12","XP005","Star Oddi DST-Tilt","door","port","liftoff","13:33:07"
"2021-07-12","XP006","Star Oddi DST-Tilt","door","port","liftoff","14:45:09"
"2021-07-12","XP007","Star Oddi DST-Tilt","door","port","liftoff","15:52:14"
"2021-07-12","XP008","Star Oddi DST-Tilt","door","port","liftoff","17:13:48"
"2021-07-13","XP009","Star Oddi DST-Tilt","door","port","liftoff","7:44:33"
"2021-07-13","XP010","Star Oddi DST-Tilt","door","port","liftoff","8:40:41"
"2021-07-13","XP011","Star Oddi DST-Tilt","door","port","liftoff","9:38:20"
"2021-07-13","XP012","Star Oddi DST-Tilt","door","port","liftoff","10:38:09"
"2021-07-13","XP013","Star Oddi DST-Tilt","door","port","liftoff","11:39:02"
"2021-07-13","XP014","Star Oddi DST-Tilt","door","port","liftoff","12:46:12"
"2021-07-13","XP015","Star Oddi DST-Tilt","door","port","liftoff","13:48:07"
"2021-07-13","XP016","Star Oddi DST-Tilt","door","port","liftoff","14:52:48"
"2021-07-13","XP017","Star Oddi DST-Tilt","door","port","liftoff","15:56:31"
"2021-07-13","XP018","Star Oddi DST-Tilt","door","port","liftoff","16:55:00"
"2021-07-13","XP019","Star Oddi DST-Tilt","door","port","liftoff","17:55:36"
"2021-07-13","XP020","Star Oddi DST-Tilt","door","port","liftoff","18:53:53"
"2021-07-12","XP001","Star Oddi DST-Tilt","footrope","starboard","touchdown","7:48:07"
"2021-07-12","XP002","Star Oddi DST-Tilt","footrope","starboard","touchdown","9:18:33"
"2021-07-12","XP003","Star Oddi DST-Tilt","footrope","starboard","touchdown","10:38:40"
"2021-07-12","XP004","Star Oddi DST-Tilt","footrope","starboard","touchdown","11:56:01"
"2021-07-12","XP005","Star Oddi DST-Tilt","footrope","starboard","touchdown","13:27:51"
"2021-07-12","XP006","Star Oddi DST-Tilt","footrope","starboard","touchdown","14:39:53"
"2021-07-12","XP007","Star Oddi DST-Tilt","footrope","starboard","touchdown","15:47:05"
"2021-07-12","XP008","Star Oddi DST-Tilt","footrope","starboard","touchdown","17:07:34"
"2021-07-13","XP009","Star Oddi DST-Tilt","footrope","starboard","touchdown","7:39:23"
"2021-07-13","XP010","Star Oddi DST-Tilt","footrope","starboard","touchdown","8:35:45"
"2021-07-13","XP011","Star Oddi DST-Tilt","footrope","starboard","touchdown","9:33:13"
"2021-07-13","XP012","Star Oddi DST-Tilt","footrope","starboard","touchdown","10:32:56"
"2021-07-13","XP013","Star Oddi DST-Tilt","footrope","starboard","touchdown","11:33:50"
"2021-07-13","XP014","Star Oddi DST-Tilt","footrope","starboard","touchdown","12:41:14"
"2021-07-13","XP015","Star Oddi DST-Tilt","footrope","starboard","touchdown","13:41:03"
"2021-07-13","XP016","Star Oddi DST-Tilt","footrope","starboard","touchdown","14:47:37"
"2021-07-13","XP017","Star Oddi DST-Tilt","footrope","starboard","touchdown","15:51:21"
"2021-07-13","XP018","Star Oddi DST-Tilt","footrope","starboard","touchdown","16:48:14"
"2021-07-13","XP019","Star Oddi DST-Tilt","footrope","starboard","touchdown","17:50:24"
"2021-07-13","XP020","Star Oddi DST-Tilt","footrope","starboard","touchdown","18:48:51"
"2021-07-12","XP001","Star Oddi DST-Tilt","footrope","starboard","liftoff","7:56:11"
"2021-07-12","XP002","Star Oddi DST-Tilt","footrope","starboard","liftoff","9:24:00"
"2021-07-12","XP003","Star Oddi DST-Tilt","footrope","starboard","liftoff","10:43:54"
"2021-07-12","XP004","Star Oddi DST-Tilt","footrope","starboard","liftoff","12:02:44"
"2021-07-12","XP005","Star Oddi DST-Tilt","footrope","starboard","liftoff","13:35:34"
"2021-07-12","XP006","Star Oddi DST-Tilt","footrope","starboard","liftoff","14:45:19"
"2021-07-12","XP007","Star Oddi DST-Tilt","footrope","starboard","liftoff","15:52:22"
"2021-07-12","XP008","Star Oddi DST-Tilt","footrope","starboard","liftoff","17:15:53"
"2021-07-13","XP009","Star Oddi DST-Tilt","footrope","starboard","liftoff","7:46:54"
"2021-07-13","XP010","Star Oddi DST-Tilt","footrope","starboard","liftoff","8:41:02"
"2021-07-13","XP011","Star Oddi DST-Tilt","footrope","starboard","liftoff","9:40:41"
"2021-07-13","XP012","Star Oddi DST-Tilt","footrope","starboard","liftoff","10:38:23"
"2021-07-13","XP013","Star Oddi DST-Tilt","footrope","starboard","liftoff","11:39:09"
"2021-07-13","XP014","Star Oddi DST-Tilt","footrope","starboard","liftoff","12:48:40"
"2021-07-13","XP015","Star Oddi DST-Tilt","footrope","starboard","liftoff","13:50:33"
"2021-07-13","XP016","Star Oddi DST-Tilt","footrope","starboard","liftoff","14:53:07"
"2021-07-13","XP017","Star Oddi DST-Tilt","footrope","starboard","liftoff","15:56:50"
"2021-07-13","XP018","Star Oddi DST-Tilt","footrope","starboard","liftoff","16:56:15"
"2021-07-13","XP019","Star Oddi DST-Tilt","footrope","starboard","liftoff","17:58:25"
"2021-07-13","XP020","Star Oddi DST-Tilt","footrope","starboard","liftoff","18:54:11"
"2021-07-12","XP001","Star Oddi DST-Tilt","footrope","center","touchdown","7:48:07"
"2021-07-12","XP002","Star Oddi DST-Tilt","footrope","center","touchdown","9:18:33"
"2021-07-12","XP003","Star Oddi DST-Tilt","footrope","center","touchdown","10:38:42"
"2021-07-12","XP004","Star Oddi DST-Tilt","footrope","center","touchdown","11:56:01"
"2021-07-12","XP005","Star Oddi DST-Tilt","footrope","center","touchdown","13:27:52"
"2021-07-12","XP006","Star Oddi DST-Tilt","footrope","center","touchdown","14:39:58"
"2021-07-12","XP007","Star Oddi DST-Tilt","footrope","center","touchdown","15:47:10"
"2021-07-12","XP008","Star Oddi DST-Tilt","footrope","center","touchdown","17:07:30"
"2021-07-13","XP009","Star Oddi DST-Tilt","footrope","center","touchdown","7:39:25"
"2021-07-13","XP010","Star Oddi DST-Tilt","footrope","center","touchdown","8:35:46"
"2021-07-13","XP011","Star Oddi DST-Tilt","footrope","center","touchdown","9:33:16"
"2021-07-13","XP012","Star Oddi DST-Tilt","footrope","center","touchdown","10:32:58"
"2021-07-13","XP013","Star Oddi DST-Tilt","footrope","center","touchdown","11:33:55"
"2021-07-13","XP014","Star Oddi DST-Tilt","footrope","center","touchdown","12:41:16"
"2021-07-13","XP015","Star Oddi DST-Tilt","footrope","center","touchdown","13:41:09"
"2021-07-13","XP016","Star Oddi DST-Tilt","footrope","center","touchdown","14:47:39"
"2021-07-13","XP017","Star Oddi DST-Tilt","footrope","center","touchdown","15:51:23"
"2021-07-13","XP018","Star Oddi DST-Tilt","footrope","center","touchdown","16:48:16"
"2021-07-13","XP019","Star Oddi DST-Tilt","footrope","center","touchdown","17:50:26"
"2021-07-13","XP020","Star Oddi DST-Tilt","footrope","center","touchdown","18:48:58"
"2021-07-12","XP001","Star Oddi DST-Tilt","footrope","center","liftoff","7:56:08"
"2021-07-12","XP002","Star Oddi DST-Tilt","footrope","center","liftoff","9:24:04"
"2021-07-12","XP003","Star Oddi DST-Tilt","footrope","center","liftoff","10:44:01"
"2021-07-12","XP004","Star Oddi DST-Tilt","footrope","center","liftoff","12:02:46"
"2021-07-12","XP005","Star Oddi DST-Tilt","footrope","center","liftoff","13:35:54"
"2021-07-12","XP006","Star Oddi DST-Tilt","footrope","center","liftoff","14:45:23"
"2021-07-12","XP007","Star Oddi DST-Tilt","footrope","center","liftoff","15:52:27"
"2021-07-12","XP008","Star Oddi DST-Tilt","footrope","center","liftoff","17:16:18"
"2021-07-13","XP009","Star Oddi DST-Tilt","footrope","center","liftoff","7:47:03"
"2021-07-13","XP010","Star Oddi DST-Tilt","footrope","center","liftoff","8:41:06"
"2021-07-13","XP011","Star Oddi DST-Tilt","footrope","center","liftoff","9:40:51"
"2021-07-13","XP012","Star Oddi DST-Tilt","footrope","center","liftoff","10:38:36"
"2021-07-13","XP013","Star Oddi DST-Tilt","footrope","center","liftoff","11:39:14"
"2021-07-13","XP014","Star Oddi DST-Tilt","footrope","center","liftoff","12:48:53"
"2021-07-13","XP015","Star Oddi DST-Tilt","footrope","center","liftoff","13:50:34"
"2021-07-13","XP016","Star Oddi DST-Tilt","footrope","center","liftoff","14:53:20"
"2021-07-13","XP017","Star Oddi DST-Tilt","footrope","center","liftoff","15:56:58"
"2021-07-13","XP018","Star Oddi DST-Tilt","footrope","center","liftoff","16:56:17"
"2021-07-13","XP019","Star Oddi DST-Tilt","footrope","center","liftoff","17:58:32"
"2021-07-13","XP020","Star Oddi DST-Tilt","footrope","center","liftoff","18:54:19"
"2021-07-12","XP001","Star Oddi DST-Tilt","footrope","port","touchdown","7:48:00"
"2021-07-12","XP002","Star Oddi DST-Tilt","footrope","port","touchdown","9:18:30"
"2021-07-12","XP003","Star Oddi DST-Tilt","footrope","port","touchdown","10:38:38"
"2021-07-12","XP004","Star Oddi DST-Tilt","footrope","port","touchdown","11:56:00"
"2021-07-12","XP005","Star Oddi DST-Tilt","footrope","port","touchdown","13:27:45"
"2021-07-12","XP006","Star Oddi DST-Tilt","footrope","port","touchdown","14:39:56"
"2021-07-12","XP007","Star Oddi DST-Tilt","footrope","port","touchdown","15:47:08"
"2021-07-12","XP008","Star Oddi DST-Tilt","footrope","port","touchdown","17:07:27"
"2021-07-13","XP009","Star Oddi DST-Tilt","footrope","port","touchdown","7:39:22"
"2021-07-13","XP010","Star Oddi DST-Tilt","footrope","port","touchdown","8:35:44"
"2021-07-13","XP011","Star Oddi DST-Tilt","footrope","port","touchdown","9:33:10"
"2021-07-13","XP012","Star Oddi DST-Tilt","footrope","port","touchdown","10:32:53"
"2021-07-13","XP013","Star Oddi DST-Tilt","footrope","port","touchdown","11:33:52"
"2021-07-13","XP014","Star Oddi DST-Tilt","footrope","port","touchdown","12:41:13"
"2021-07-13","XP015","Star Oddi DST-Tilt","footrope","port","touchdown","13:41:07"
"2021-07-13","XP016","Star Oddi DST-Tilt","footrope","port","touchdown","14:47:35"
"2021-07-13","XP017","Star Oddi DST-Tilt","footrope","port","touchdown","15:51:15"
"2021-07-13","XP018","Star Oddi DST-Tilt","footrope","port","touchdown","16:48:10"
"2021-07-13","XP019","Star Oddi DST-Tilt","footrope","port","touchdown","17:50:21"
"2021-07-13","XP020","Star Oddi DST-Tilt","footrope","port","touchdown","18:48:53"
"2021-07-12","XP001","Star Oddi DST-Tilt","footrope","port","liftoff","7:55:40"
"2021-07-12","XP002","Star Oddi DST-Tilt","footrope","port","liftoff","9:23:59"
"2021-07-12","XP003","Star Oddi DST-Tilt","footrope","port","liftoff","10:43:52"
"2021-07-12","XP004","Star Oddi DST-Tilt","footrope","port","liftoff","12:02:46"
"2021-07-12","XP005","Star Oddi DST-Tilt","footrope","port","liftoff","13:34:24"
"2021-07-12","XP006","Star Oddi DST-Tilt","footrope","port","liftoff","14:45:15"
"2021-07-12","XP007","Star Oddi DST-Tilt","footrope","port","liftoff","15:52:18"
"2021-07-12","XP008","Star Oddi DST-Tilt","footrope","port","liftoff","17:15:33"
"2021-07-13","XP009","Star Oddi DST-Tilt","footrope","port","liftoff","7:46:18"
"2021-07-13","XP010","Star Oddi DST-Tilt","footrope","port","liftoff","8:41:01"
"2021-07-13","XP011","Star Oddi DST-Tilt","footrope","port","liftoff","9:40:06"
"2021-07-13","XP012","Star Oddi DST-Tilt","footrope","port","liftoff","10:38:18"
"2021-07-13","XP013","Star Oddi DST-Tilt","footrope","port","liftoff","11:39:07"
"2021-07-13","XP014","Star Oddi DST-Tilt","footrope","port","liftoff","12:48:10"
"2021-07-13","XP015","Star Oddi DST-Tilt","footrope","port","liftoff","13:49:29"
"2021-07-13","XP016","Star Oddi DST-Tilt","footrope","port","liftoff","14:52:56"
"2021-07-13","XP017","Star Oddi DST-Tilt","footrope","port","liftoff","15:56:46"
"2021-07-13","XP018","Star Oddi DST-Tilt","footrope","port","liftoff","16:56:12"
"2021-07-13","XP019","Star Oddi DST-Tilt","footrope","port","liftoff","17:57:51"
"2021-07-13","XP020","Star Oddi DST-Tilt","footrope","port","liftoff","18:53:55"
"2021-07-17","GP354F","Star Oddi DST-TD","footrope","center","touchdown","05:19:41"
"2021-07-17","GP354F","Star Oddi DST-TD","footrope","center","liftoff","05:25:15"
"2021-07-17","GP351F","Star Oddi DST-TD","footrope","center","touchdown","06:31:01"
"2021-07-17","GP351F","Star Oddi DST-TD","footrope","center","liftoff","06:36:31"
"2021-07-17","GP353F","Star Oddi DST-TD","footrope","center","touchdown","07:51:56"
"2021-07-17","GP353F","Star Oddi DST-TD","footrope","center","liftoff","08:04:22"
"2021-07-17","GP352F","Star Oddi DST-TD","footrope","center","touchdown","09:32:50"
"2021-07-17","GP352F","Star Oddi DST-TD","footrope","center","liftoff","09:39:13"
"2021-07-17","GP350F","Star Oddi DST-TD","footrope","center","touchdown","10:44:13"
"2021-07-17","GP350F","Star Oddi DST-TD","footrope","center","liftoff","10:49:53"
"2021-07-17","GP346F","Star Oddi DST-TD","footrope","center","touchdown","12:05:26"
"2021-07-17","GP346F","Star Oddi DST-TD","footrope","center","liftoff","12:10:35"
"2021-07-17","GP342F","Star Oddi DST-TD","footrope","center","touchdown","13:19:40"
"2021-07-17","GP342F","Star Oddi DST-TD","footrope","center","liftoff","13:24:58"
"2021-07-17","GP334F","Star Oddi DST-TD","footrope","center","touchdown","14:59:02"
"2021-07-17","GP334F","Star Oddi DST-TD","footrope","center","liftoff","15:05:49"
"2021-07-17","GP323F","Star Oddi DST-TD","footrope","center","touchdown","15:51:43"
"2021-07-17","GP323F","Star Oddi DST-TD","footrope","center","liftoff","15:57:07"
"2021-07-17","GP325F","Star Oddi DST-TD","footrope","center","touchdown","17:13:23"
"2021-07-17","GP325F","Star Oddi DST-TD","footrope","center","liftoff","17:18:44"
"2021-07-17","GP335F","Star Oddi DST-TD","footrope","center","touchdown","18:12:52"
"2021-07-17","GP335F","Star Oddi DST-TD","footrope","center","liftoff","18:18:13"
"2021-07-17","GP344F","Star Oddi DST-TD","footrope","center","touchdown","19:30:04"
"2021-07-17","GP344F","Star Oddi DST-TD","footrope","center","liftoff","19:35:42"
"2021-07-17","GP341F","Star Oddi DST-TD","footrope","center","touchdown","20:27:41"
"2021-07-17","GP341F","Star Oddi DST-TD","footrope","center","liftoff","20:34:27"
"2021-07-18","GP331F","Star Oddi DST-TD","footrope","center","touchdown","05:16:17"
"2021-07-18","GP331F","Star Oddi DST-TD","footrope","center","liftoff","05:21:50"
"2021-07-18","GP326F","Star Oddi DST-TD","footrope","center","touchdown","06:09:49"
"2021-07-18","GP326F","Star Oddi DST-TD","footrope","center","liftoff","06:15:11"
"2021-07-18","GP315A1","Star Oddi DST-TD","footrope","center","touchdown","08:20:15"
"2021-07-18","GP315A1","Star Oddi DST-TD","footrope","center","liftoff","08:25:32"
"2021-07-18","GP324A1","Star Oddi DST-TD","footrope","center","touchdown","10:41:11"
"2021-07-18","GP324A1","Star Oddi DST-TD","footrope","center","liftoff","10:46:45"
"2021-07-18","GP320F","Star Oddi DST-TD","footrope","center","touchdown","12:33:03"
"2021-07-18","GP320F","Star Oddi DST-TD","footrope","center","liftoff","12:40:58"
"2021-07-18","GP312F","Star Oddi DST-TD","footrope","center","touchdown","14:22:21"
"2021-07-18","GP312F","Star Oddi DST-TD","footrope","center","liftoff","14:29:50"
"2021-07-18","GP313F","Star Oddi DST-TD","footrope","center","touchdown","16:15:24"
"2021-07-18","GP313F","Star Oddi DST-TD","footrope","center","liftoff","16:21:26"
"2021-07-19","GP303F","Star Oddi DST-TD","footrope","center","touchdown","05:19:20"
"2021-07-19","GP303F","Star Oddi DST-TD","footrope","center","liftoff","05:24:44"
"2021-07-19","GP287F","Star Oddi DST-TD","footrope","center","touchdown","06:06:52"
"2021-07-19","GP287F","Star Oddi DST-TD","footrope","center","liftoff","06:12:11"
"2021-07-19","GP290F","Star Oddi DST-TD","footrope","center","touchdown","07:04:00"
"2021-07-19","GP290F","Star Oddi DST-TD","footrope","center","liftoff","07:09:28"
"2021-07-19","GP295F","Star Oddi DST-TD","footrope","center","touchdown","07:46:03"
"2021-07-19","GP295F","Star Oddi DST-TD","footrope","center","liftoff","07:51:23"
"2021-07-19","GP316F","Star Oddi DST-TD","footrope","center","touchdown","09:23:47"
"2021-07-19","GP316F","Star Oddi DST-TD","footrope","center","liftoff","09:31:08"
"2021-07-19","GP293F","Star Oddi DST-TD","footrope","center","touchdown","11:02:58"
"2021-07-19","GP293F","Star Oddi DST-TD","footrope","center","liftoff","11:09:06"
"2021-07-19","GP282F","Star Oddi DST-TD","footrope","center","touchdown","12:55:48"
"2021-07-19","GP282F","Star Oddi DST-TD","footrope","center","liftoff","13:03:54"
"2021-07-19","GP273F","Star Oddi DST-TD","footrope","center","touchdown","14:44:33"
"2021-07-19","GP273F","Star Oddi DST-TD","footrope","center","liftoff","14:49:49"
"2021-07-19","GP260F","Star Oddi DST-TD","footrope","center","touchdown","16:49:01"
"2021-07-19","GP260F","Star Oddi DST-TD","footrope","center","liftoff","16:55:30"
"2021-07-19","GP269F","Star Oddi DST-TD","footrope","center","touchdown","18:17:13"
"2021-07-19","GP269F","Star Oddi DST-TD","footrope","center","liftoff","18:24:23"
"2021-07-19","GP251F","Star Oddi DST-TD","footrope","center","touchdown","20:23:31"
"2021-07-19","GP251F","Star Oddi DST-TD","footrope","center","liftoff","20:30:31"
"2021-07-20","GP250F","Star Oddi DST-TD","footrope","center","touchdown","05:40:29"
"2021-07-20","GP250F","Star Oddi DST-TD","footrope","center","liftoff","05:47:08"
"2021-07-20","GP235F","Star Oddi DST-TD","footrope","center","touchdown","08:05:53"
"2021-07-20","GP235F","Star Oddi DST-TD","footrope","center","liftoff","08:12:53"
"2021-07-20","GP237A3","Star Oddi DST-TD","footrope","center","touchdown","14:46:44"
"2021-07-20","GP237A3","Star Oddi DST-TD","footrope","center","liftoff","14:52:43"
"2021-07-20","GP207A1","Star Oddi DST-TD","footrope","center","touchdown","17:01:38"
"2021-07-20","GP207A1","Star Oddi DST-TD","footrope","center","liftoff","17:07:02"
"2021-07-20","GP208F","Star Oddi DST-TD","footrope","center","touchdown","18:20:31"
"2021-07-20","GP208F","Star Oddi DST-TD","footrope","center","liftoff","18:27:05"
"2021-07-21","GP156F","Star Oddi DST-TD","footrope","center","touchdown","05:56:36"
"2021-07-21","GP156F","Star Oddi DST-TD","footrope","center","liftoff","06:04:15"
"2021-07-21","GP134F","Star Oddi DST-TD","footrope","center","touchdown","08:37:02"
"2021-07-21","GP134F","Star Oddi DST-TD","footrope","center","liftoff","08:43:50"
"2021-07-21","GP139F","Star Oddi DST-TD","footrope","center","touchdown","10:05:41"
"2021-07-21","GP139F","Star Oddi DST-TD","footrope","center","liftoff","10:12:22"
"2021-07-21","GP121F","Star Oddi DST-TD","footrope","center","touchdown","11:49:48"
"2021-07-21","GP121F","Star Oddi DST-TD","footrope","center","liftoff","11:56:43"
"2021-07-21","GP142F","Star Oddi DST-TD","footrope","center","touchdown","14:35:29"
"2021-07-21","GP142F","Star Oddi DST-TD","footrope","center","liftoff","14:44:13"
"2021-07-21","GP122F","Star Oddi DST-TD","footrope","center","touchdown","16:08:01"
"2021-07-21","GP122F","Star Oddi DST-TD","footrope","center","liftoff","16:15:17"
"2021-07-21","GP109F","Star Oddi DST-TD","footrope","center","touchdown","17:58:14"
"2021-07-21","GP109F","Star Oddi DST-TD","footrope","center","liftoff","18:06:58"
"2021-07-21","GP120F","Star Oddi DST-TD","footrope","center","touchdown","20:32:47"
"2021-07-21","GP120F","Star Oddi DST-TD","footrope","center","liftoff","20:38:41"
"2021-07-22","GP098F","Star Oddi DST-TD","footrope","center","touchdown","06:01:40"
"2021-07-22","GP098F","Star Oddi DST-TD","footrope","center","liftoff","06:10:15"
"2021-07-22","GP081F","Star Oddi DST-TD","footrope","center","touchdown","07:46:34"
"2021-07-22","GP081F","Star Oddi DST-TD","footrope","center","liftoff","07:55:17"
"2021-07-22","GP085F","Star Oddi DST-TD","footrope","center","touchdown","09:26:31"
"2021-07-22","GP085F","Star Oddi DST-TD","footrope","center","liftoff","09:32:51"
"2021-07-22","GP072F","Star Oddi DST-TD","footrope","center","touchdown","11:01:41"
"2021-07-22","GP072F","Star Oddi DST-TD","footrope","center","liftoff","11:07:22"
"2021-07-22","GP078F","Star Oddi DST-TD","footrope","center","touchdown","13:05:15"
"2021-07-22","GP078F","Star Oddi DST-TD","footrope","center","liftoff","13:11:21"
"2021-07-22","GP107F","Star Oddi DST-TD","footrope","center","touchdown","14:10:33"
"2021-07-22","GP107F","Star Oddi DST-TD","footrope","center","liftoff","14:16:23"
"2021-07-22","GP083A1","Star Oddi DST-TD","footrope","center","touchdown","17:41:47"
"2021-07-22","GP083A1","Star Oddi DST-TD","footrope","center","liftoff","17:47:43"
"2021-07-22","GP096F","Star Oddi DST-TD","footrope","center","touchdown","18:54:03"
"2021-07-22","GP096F","Star Oddi DST-TD","footrope","center","liftoff","18:58:52"
"2021-07-22","GP112F","Star Oddi DST-TD","footrope","center","touchdown","20:31:00"
"2021-07-22","GP112F","Star Oddi DST-TD","footrope","center","liftoff","20:36:38"
"2021-07-23","GP115F","Star Oddi DST-TD","footrope","center","touchdown","05:30:46"
"2021-07-23","GP115F","Star Oddi DST-TD","footrope","center","liftoff","05:36:02"
"2021-07-23","GP103F","Star Oddi DST-TD","footrope","center","touchdown","06:49:13"
"2021-07-23","GP103F","Star Oddi DST-TD","footrope","center","liftoff","06:54:39"
"2021-07-23","GP130A1","Star Oddi DST-TD","footrope","center","touchdown","09:24:54"
"2021-07-23","GP130A1","Star Oddi DST-TD","footrope","center","liftoff","09:30:09"
"2021-07-23","GP152F","Star Oddi DST-TD","footrope","center","touchdown","11:35:58"
"2021-07-23","GP152F","Star Oddi DST-TD","footrope","center","liftoff","11:41:09"
"2021-07-23","GP138F","Star Oddi DST-TD","footrope","center","touchdown","12:47:31"
"2021-07-23","GP138F","Star Oddi DST-TD","footrope","center","liftoff","12:53:13"
"2021-07-23","GP165A1","Star Oddi DST-TD","footrope","center","touchdown","14:54:29"
"2021-07-23","GP165A1","Star Oddi DST-TD","footrope","center","liftoff","14:59:54"
"2021-07-23","GP166F","Star Oddi DST-TD","footrope","center","touchdown","15:54:56"
"2021-07-23","GP166F","Star Oddi DST-TD","footrope","center","liftoff","16:01:00"
"2021-07-23","GP187F","Star Oddi DST-TD","footrope","center","touchdown","18:23:12"
"2021-07-23","GP187F","Star Oddi DST-TD","footrope","center","liftoff","18:33:42"
"2021-07-23","GP203F","Star Oddi DST-TD","footrope","center","touchdown","20:05:12"
"2021-07-23","GP203F","Star Oddi DST-TD","footrope","center","liftoff","20:09:50"
"2021-07-24","GP181F","Star Oddi DST-TD","footrope","center","touchdown","05:35:12"
"2021-07-24","GP181F","Star Oddi DST-TD","footrope","center","liftoff","05:40:07"
"2021-07-24","GP180F","Star Oddi DST-TD","footrope","center","touchdown","06:42:03"
"2021-07-24","GP180F","Star Oddi DST-TD","footrope","center","liftoff","06:47:07"
"2021-07-24","GP153F","Star Oddi DST-TD","footrope","center","touchdown","08:24:04"
"2021-07-24","GP153F","Star Oddi DST-TD","footrope","center","liftoff","08:29:34"
"2021-07-24","GP169F","Star Oddi DST-TD","footrope","center","touchdown","09:13:15"
"2021-07-24","GP169F","Star Oddi DST-TD","footrope","center","liftoff","09:18:21"
"2021-07-24","GP185F","Star Oddi DST-TD","footrope","center","touchdown","10:27:19"
"2021-07-24","GP185F","Star Oddi DST-TD","footrope","center","liftoff","10:32:57"
"2021-07-24","GP201F","Star Oddi DST-TD","footrope","center","touchdown","11:21:50"
"2021-07-24","GP201F","Star Oddi DST-TD","footrope","center","liftoff","11:27:51"
"2021-07-24","GP227F","Star Oddi DST-TD","footrope","center","touchdown","13:25:14"
"2021-07-24","GP227F","Star Oddi DST-TD","footrope","center","liftoff","13:31:36"
"2021-07-24","GP230F","Star Oddi DST-TD","footrope","center","touchdown","14:17:37"
"2021-07-24","GP230F","Star Oddi DST-TD","footrope","center","liftoff","14:22:56"
"2021-07-24","GP249A2","Star Oddi DST-TD","footrope","center","touchdown","17:32:50"
"2021-07-24","GP249A2","Star Oddi DST-TD","footrope","center","liftoff","17:38:02"
"2021-07-24","GP243F","Star Oddi DST-TD","footrope","center","touchdown","18:31:25"
"2021-07-24","GP243F","Star Oddi DST-TD","footrope","center","liftoff","18:36:45"
"2021-07-24","GP261F","Star Oddi DST-TD","footrope","center","touchdown","19:39:16"
"2021-07-24","GP261F","Star Oddi DST-TD","footrope","center","liftoff","19:44:26"
"2021-07-24","GP257F","Star Oddi DST-TD","footrope","center","touchdown","20:19:45"
"2021-07-24","GP257F","Star Oddi DST-TD","footrope","center","liftoff","20:25:11"
"2021-07-25","GP211F","Star Oddi DST-TD","footrope","center","touchdown","05:35:08"
"2021-07-25","GP211F","Star Oddi DST-TD","footrope","center","liftoff","05:40:20"
"2021-07-25","GP199F","Star Oddi DST-TD","footrope","center","touchdown","06:56:16"
"2021-07-25","GP199F","Star Oddi DST-TD","footrope","center","liftoff","07:00:26"
"2021-07-25","GP219F","Star Oddi DST-TD","footrope","center","touchdown","08:17:19"
"2021-07-25","GP219F","Star Oddi DST-TD","footrope","center","liftoff","08:22:43"
"2021-08-02","GP268F","Star Oddi DST-TD","footrope","center","touchdown","05:42:10"
"2021-08-02","GP268F","Star Oddi DST-TD","footrope","center","liftoff","05:47:29"
"2021-08-02","GP259F","Star Oddi DST-TD","footrope","center","touchdown","06:52:37"
"2021-08-02","GP259F","Star Oddi DST-TD","footrope","center","liftoff","06:58:05"
"2021-08-02","GP263F","Star Oddi DST-TD","footrope","center","touchdown","08:00:38"
"2021-08-02","GP263F","Star Oddi DST-TD","footrope","center","liftoff","08:06:00"
"2021-08-02","GP245F","Star Oddi DST-TD","footrope","center","touchdown","09:15:40"
"2021-08-02","GP245F","Star Oddi DST-TD","footrope","center","liftoff","09:20:57"
"2021-08-02","GP248F","Star Oddi DST-TD","footrope","center","touchdown","10:12:17"
"2021-08-02","GP248F","Star Oddi DST-TD","footrope","center","liftoff","10:17:48"
"2021-08-02","GP265F","Star Oddi DST-TD","footrope","center","touchdown","11:38:01"
"2021-08-02","GP265F","Star Oddi DST-TD","footrope","center","liftoff","11:43:05"
"2021-08-02","GP240F","Star Oddi DST-TD","footrope","center","touchdown","13:00:58"
"2021-08-02","GP240F","Star Oddi DST-TD","footrope","center","liftoff","13:06:08"
"2021-08-02","GP226F","Star Oddi DST-TD","footrope","center","touchdown","14:21:32"
"2021-08-02","GP226F","Star Oddi DST-TD","footrope","center","liftoff","14:26:37"
"2021-08-02","GP233F","Star Oddi DST-TD","footrope","center","touchdown","15:39:05"
"2021-08-02","GP233F","Star Oddi DST-TD","footrope","center","liftoff","15:44:24"
"2021-08-02","GP220F","Star Oddi DST-TD","footrope","center","touchdown","17:00:49"
"2021-08-02","GP220F","Star Oddi DST-TD","footrope","center","liftoff","17:05:40"
"2021-08-02","GP234F","Star Oddi DST-TD","footrope","center","touchdown","18:27:03"
"2021-08-02","GP234F","Star Oddi DST-TD","footrope","center","liftoff","18:32:24"
"2021-08-03","GP214A2","Star Oddi DST-TD","footrope","center","touchdown","06:50:17"
"2021-08-03","GP214A2","Star Oddi DST-TD","footrope","center","liftoff","06:55:46"
"2021-08-03","GP192F","Star Oddi DST-TD","footrope","center","touchdown","08:10:00"
"2021-08-03","GP192F","Star Oddi DST-TD","footrope","center","liftoff","08:15:10"
"2021-08-03","GP189F","Star Oddi DST-TD","footrope","center","touchdown","09:16:26"
"2021-08-03","GP189F","Star Oddi DST-TD","footrope","center","liftoff","09:21:39"
"2021-08-03","GP197A2","Star Oddi DST-TD","footrope","center","touchdown","12:43:32"
"2021-08-03","GP197A2","Star Oddi DST-TD","footrope","center","liftoff","12:48:57"
"2021-08-03","GP202A1","Star Oddi DST-TD","footrope","center","touchdown","14:41:02"
"2021-08-03","GP202A1","Star Oddi DST-TD","footrope","center","liftoff","14:46:21"
"2021-08-03","GP206F","Star Oddi DST-TD","footrope","center","touchdown","15:49:56"
"2021-08-03","GP206F","Star Oddi DST-TD","footrope","center","liftoff","15:55:20"
"2021-08-03","GP198F","Star Oddi DST-TD","footrope","center","touchdown","17:09:05"
"2021-08-03","GP198F","Star Oddi DST-TD","footrope","center","liftoff","17:14:07"
"2021-08-03","GP191F","Star Oddi DST-TD","footrope","center","touchdown","18:34:39"
"2021-08-03","GP191F","Star Oddi DST-TD","footrope","center","liftoff","18:39:54"
"2021-08-03","GP179F","Star Oddi DST-TD","footrope","center","touchdown","19:53:04"
"2021-08-03","GP179F","Star Oddi DST-TD","footrope","center","liftoff","19:57:50"
"2021-08-04","GP176F","Star Oddi DST-TD","footrope","center","touchdown","05:47:34"
"2021-08-04","GP176F","Star Oddi DST-TD","footrope","center","liftoff","05:53:01"
"2021-08-04","GP158F","Star Oddi DST-TD","footrope","center","touchdown","07:26:33"
"2021-08-04","GP158F","Star Oddi DST-TD","footrope","center","liftoff","07:32:11"
"2021-08-04","GP149F","Star Oddi DST-TD","footrope","center","touchdown","08:28:06"
"2021-08-04","GP149F","Star Oddi DST-TD","footrope","center","liftoff","08:33:32"
"2021-08-04","GP127F","Star Oddi DST-TD","footrope","center","touchdown","09:54:23"
"2021-08-04","GP127F","Star Oddi DST-TD","footrope","center","liftoff","09:59:51"
"2021-08-04","GP123F","Star Oddi DST-TD","footrope","center","touchdown","11:08:51"
"2021-08-04","GP123F","Star Oddi DST-TD","footrope","center","liftoff","11:14:11"
"2021-08-04","GP147F","Star Oddi DST-TD","footrope","center","touchdown","12:13:03"
"2021-08-04","GP147F","Star Oddi DST-TD","footrope","center","liftoff","12:18:25"
"2021-08-04","GP159F","Star Oddi DST-TD","footrope","center","touchdown","13:26:16"
"2021-08-04","GP159F","Star Oddi DST-TD","footrope","center","liftoff","13:31:35"
"2021-08-04","GP184F","Star Oddi DST-TD","footrope","center","touchdown","14:28:11"
"2021-08-04","GP184F","Star Oddi DST-TD","footrope","center","liftoff","14:33:32"
"2021-08-04","GP174F","Star Oddi DST-TD","footrope","center","touchdown","16:14:25"
"2021-08-04","GP174F","Star Oddi DST-TD","footrope","center","liftoff","16:19:22"
"2021-08-04","GP170F","Star Oddi DST-TD","footrope","center","touchdown","17:09:56"
"2021-08-04","GP170F","Star Oddi DST-TD","footrope","center","liftoff","17:14:48"
"2021-08-04","GP162F","Star Oddi DST-TD","footrope","center","touchdown","18:15:26"
"2021-08-04","GP162F","Star Oddi DST-TD","footrope","center","liftoff","18:20:37"
"2021-08-05","GP154A2","Star Oddi DST-TD","footrope","center","touchdown","07:05:16"
"2021-08-05","GP154A2","Star Oddi DST-TD","footrope","center","liftoff","07:10:47"
"2021-08-05","GP133F","Star Oddi DST-TD","footrope","center","touchdown","08:29:18"
"2021-08-05","GP133F","Star Oddi DST-TD","footrope","center","liftoff","08:34:50"
"2021-08-05","GP141F","Star Oddi DST-TD","footrope","center","touchdown","09:13:00"
"2021-08-05","GP141F","Star Oddi DST-TD","footrope","center","liftoff","09:18:19"
"2021-08-05","GP128A1","Star Oddi DST-TD","footrope","center","touchdown","11:24:54"
"2021-08-05","GP128A1","Star Oddi DST-TD","footrope","center","liftoff","11:30:14"
"2021-08-06","GP099F","Star Oddi DST-TD","footrope","center","touchdown","06:02:31"
"2021-08-06","GP099F","Star Oddi DST-TD","footrope","center","liftoff","06:07:47"
"2021-08-06","GP094F","Star Oddi DST-TD","footrope","center","touchdown","07:16:54"
"2021-08-06","GP094F","Star Oddi DST-TD","footrope","center","liftoff","07:21:28"
"2021-08-06","GP077F","Star Oddi DST-TD","footrope","center","touchdown","08:40:31"
"2021-08-06","GP077F","Star Oddi DST-TD","footrope","center","liftoff","08:46:10"
"2021-08-06","GP084F","Star Oddi DST-TD","footrope","center","touchdown","09:28:20"
"2021-08-06","GP084F","Star Oddi DST-TD","footrope","center","liftoff","09:33:36"
"2021-08-06","GP113A2","Star Oddi DST-TD","footrope","center","touchdown","12:51:01"
"2021-08-06","GP113A2","Star Oddi DST-TD","footrope","center","liftoff","12:56:22"
"2021-08-06","GP125F","Star Oddi DST-TD","footrope","center","touchdown","18:29:59"
"2021-08-06","GP125F","Star Oddi DST-TD","footrope","center","liftoff","18:35:21"
"2021-08-06","GP150F","Star Oddi DST-TD","footrope","center","touchdown","19:53:15"
"2021-08-06","GP150F","Star Oddi DST-TD","footrope","center","liftoff","19:58:33"
"2021-08-07","GP124F","Star Oddi DST-TD","footrope","center","touchdown","05:59:58"
"2021-08-07","GP124F","Star Oddi DST-TD","footrope","center","liftoff","06:05:14"
"2021-08-07","GP105A2","Star Oddi DST-TD","footrope","center","touchdown","09:49:55"
"2021-08-07","GP105A2","Star Oddi DST-TD","footrope","center","liftoff","09:54:49"
"2021-08-07","GP080A1","Star Oddi DST-TD","footrope","center","touchdown","12:14:07"
"2021-08-07","GP080A1","Star Oddi DST-TD","footrope","center","liftoff","12:19:45"
"2021-08-07","GP088A2","Star Oddi DST-TD","footrope","center","touchdown","16:56:35"
"2021-08-07","GP088A2","Star Oddi DST-TD","footrope","center","liftoff","17:01:41"
"2021-08-07","GP068F","Star Oddi DST-TD","footrope","center","touchdown","18:08:43"
"2021-08-07","GP068F","Star Oddi DST-TD","footrope","center","liftoff","18:13:42"
"2021-08-07","GP076F","Star Oddi DST-TD","footrope","center","touchdown","19:22:29"
"2021-08-07","GP076F","Star Oddi DST-TD","footrope","center","liftoff","19:27:34"
"2021-08-07","GP061F","Star Oddi DST-TD","footrope","center","touchdown","20:36:04"
"2021-08-07","GP061F","Star Oddi DST-TD","footrope","center","liftoff","20:41:30"
"2021-08-08","GP049F","Star Oddi DST-TD","footrope","center","touchdown","05:53:17"
"2021-08-08","GP049F","Star Oddi DST-TD","footrope","center","liftoff","05:58:50"
"2021-08-08","GP036F","Star Oddi DST-TD","footrope","center","touchdown","08:02:28"
"2021-08-08","GP036F","Star Oddi DST-TD","footrope","center","liftoff","08:07:45"
"2021-08-08","GP026F","Star Oddi DST-TD","footrope","center","touchdown","09:13:47"
"2021-08-08","GP026F","Star Oddi DST-TD","footrope","center","liftoff","09:19:10"
"2021-08-08","GP024F","Star Oddi DST-TD","footrope","center","touchdown","10:35:09"
"2021-08-08","GP024F","Star Oddi DST-TD","footrope","center","liftoff","10:40:34"
"2021-08-08","GP016F","Star Oddi DST-TD","footrope","center","touchdown","12:16:43"
"2021-08-08","GP016F","Star Oddi DST-TD","footrope","center","liftoff","12:22:08"
"2021-08-08","GP019F","Star Oddi DST-TD","footrope","center","touchdown","14:01:26"
"2021-08-08","GP019F","Star Oddi DST-TD","footrope","center","liftoff","14:07:00"
"2021-08-08","GP023F","Star Oddi DST-TD","footrope","center","touchdown","14:56:10"
"2021-08-08","GP023F","Star Oddi DST-TD","footrope","center","liftoff","15:01:33"
"2021-08-08","GP025F","Star Oddi DST-TD","footrope","center","touchdown","16:04:30"
"2021-08-08","GP025F","Star Oddi DST-TD","footrope","center","liftoff","16:09:49"
"2021-08-08","GP044F","Star Oddi DST-TD","footrope","center","touchdown","17:34:38"
"2021-08-08","GP044F","Star Oddi DST-TD","footrope","center","liftoff","17:39:49"
"2021-08-08","GP046F","Star Oddi DST-TD","footrope","center","touchdown","18:50:51"
"2021-08-08","GP046F","Star Oddi DST-TD","footrope","center","liftoff","18:56:19"
"2021-08-08","GP067F","Star Oddi DST-TD","footrope","center","touchdown","19:48:34"
"2021-08-08","GP067F","Star Oddi DST-TD","footrope","center","liftoff","19:53:42"
"2021-08-09","GP048F","Star Oddi DST-TD","footrope","center","touchdown","05:53:30"
"2021-08-09","GP048F","Star Oddi DST-TD","footrope","center","liftoff","05:58:36"
"2021-08-09","GP066F","Star Oddi DST-TD","footrope","center","touchdown","06:47:47"
"2021-08-09","GP066F","Star Oddi DST-TD","footrope","center","liftoff","06:53:26"
"2021-08-09","GP050A1","Star Oddi DST-TD","footrope","center","touchdown","09:38:07"
"2021-08-09","GP050A1","Star Oddi DST-TD","footrope","center","liftoff","09:43:23"
"2021-08-09","GP047F","Star Oddi DST-TD","footrope","center","touchdown","10:56:59"
"2021-08-09","GP047F","Star Oddi DST-TD","footrope","center","liftoff","11:02:21"
"2021-08-09","GP032F","Star Oddi DST-TD","footrope","center","touchdown","12:58:26"
"2021-08-09","GP032F","Star Oddi DST-TD","footrope","center","liftoff","13:03:20"
"2021-08-09","GP028F","Star Oddi DST-TD","footrope","center","touchdown","13:42:07"
"2021-08-09","GP028F","Star Oddi DST-TD","footrope","center","liftoff","13:47:37"
"2021-08-09","GP018F","Star Oddi DST-TD","footrope","center","touchdown","14:53:16"
"2021-08-09","GP018F","Star Oddi DST-TD","footrope","center","liftoff","14:58:18"
"2021-08-09","GP022A1","Star Oddi DST-TD","footrope","center","touchdown","18:25:04"
"2021-08-09","GP022A1","Star Oddi DST-TD","footrope","center","liftoff","18:30:08"
"2021-08-09","GP031F","Star Oddi DST-TD","footrope","center","touchdown","20:00:21"
"2021-08-09","GP031F","Star Oddi DST-TD","footrope","center","liftoff","20:06:07"
"2021-08-10","GP030F","Star Oddi DST-TD","footrope","center","touchdown","06:02:07"
"2021-08-10","GP030F","Star Oddi DST-TD","footrope","center","liftoff","06:07:34"
"2021-08-10","GP040F","Star Oddi DST-TD","footrope","center","touchdown","06:57:25"
"2021-08-10","GP040F","Star Oddi DST-TD","footrope","center","liftoff","07:02:55"
"2021-08-10","GP042F","Star Oddi DST-TD","footrope","center","touchdown","08:07:16"
"2021-08-10","GP042F","Star Oddi DST-TD","footrope","center","liftoff","08:11:59"
"2021-08-10","GP041F","Star Oddi DST-TD","footrope","center","touchdown","09:07:06"
"2021-08-10","GP041F","Star Oddi DST-TD","footrope","center","liftoff","09:12:20"
"2021-08-10","GP052F","Star Oddi DST-TD","footrope","center","touchdown","11:21:42"
"2021-08-10","GP052F","Star Oddi DST-TD","footrope","center","liftoff","11:27:17"
"2021-08-10","GP051F","Star Oddi DST-TD","footrope","center","touchdown","12:54:26"
"2021-08-10","GP051F","Star Oddi DST-TD","footrope","center","liftoff","13:00:12"
"2021-08-10","GP069F","Star Oddi DST-TD","footrope","center","touchdown","14:22:26"
"2021-08-10","GP069F","Star Oddi DST-TD","footrope","center","liftoff","14:27:15"
"2021-08-10","GP062F","Star Oddi DST-TD","footrope","center","touchdown","15:32:03"
"2021-08-10","GP062F","Star Oddi DST-TD","footrope","center","liftoff","15:37:16"
"2021-08-10","GP045F","Star Oddi DST-TD","footrope","center","touchdown","17:19:29"
"2021-08-10","GP045F","Star Oddi DST-TD","footrope","center","liftoff","17:24:29"
"2021-08-11","GP053F","Star Oddi DST-TD","footrope","center","touchdown","05:53:44"
"2021-08-11","GP053F","Star Oddi DST-TD","footrope","center","liftoff","05:58:50"
"2021-08-11","GP043A1","Star Oddi DST-TD","footrope","center","touchdown","08:29:26"
"2021-08-11","GP043A1","Star Oddi DST-TD","footrope","center","liftoff","08:35:01"
"2021-08-16","GP011F","Star Oddi DST-TD","footrope","center","touchdown","18:38:32"
"2021-08-16","GP011F","Star Oddi DST-TD","footrope","center","liftoff","18:44:13"
"2021-08-16","GP008F","Star Oddi DST-TD","footrope","center","touchdown","20:09:57"
"2021-08-16","GP008F","Star Oddi DST-TD","footrope","center","liftoff","20:15:34"
"2021-08-17","GP001F","Star Oddi DST-TD","footrope","center","touchdown","06:09:08"
"2021-08-17","GP001F","Star Oddi DST-TD","footrope","center","liftoff","06:15:05"
"2021-08-17","GP003F","Star Oddi DST-TD","footrope","center","touchdown","07:41:51"
"2021-08-17","GP003F","Star Oddi DST-TD","footrope","center","liftoff","07:47:42"
"2021-08-17","GP004F","Star Oddi DST-TD","footrope","center","touchdown","08:39:31"
"2021-08-17","GP004F","Star Oddi DST-TD","footrope","center","liftoff","08:44:50"
"2021-08-17","GP002F","Star Oddi DST-TD","footrope","center","touchdown","09:49:50"
"2021-08-17","GP002F","Star Oddi DST-TD","footrope","center","liftoff","09:55:31"
"2021-08-17","GP006F","Star Oddi DST-TD","footrope","center","touchdown","11:24:42"
"2021-08-17","GP006F","Star Oddi DST-TD","footrope","center","liftoff","11:30:19"
"2021-08-17","GP005F","Star Oddi DST-TD","footrope","center","touchdown","12:42:48"
"2021-08-17","GP005F","Star Oddi DST-TD","footrope","center","liftoff","12:48:40"
"2021-08-17","GP007F","Star Oddi DST-TD","footrope","center","touchdown","14:02:04"
"2021-08-17","GP007F","Star Oddi DST-TD","footrope","center","liftoff","14:07:46"
"2021-08-17","GP010F","Star Oddi DST-TD","footrope","center","touchdown","15:25:48"
"2021-08-17","GP010F","Star Oddi DST-TD","footrope","center","liftoff","15:32:42"
"2021-08-17","GP012F","Star Oddi DST-TD","footrope","center","touchdown","16:58:55"
"2021-08-17","GP012F","Star Oddi DST-TD","footrope","center","liftoff","17:04:55"
"2021-08-17","GP013F","Star Oddi DST-TD","footrope","center","touchdown","19:04:32"
"2021-08-17","GP013F","Star Oddi DST-TD","footrope","center","liftoff","19:10:10"
"2021-08-18","GP015F","Star Oddi DST-TD","footrope","center","touchdown","06:08:41"
"2021-08-18","GP015F","Star Oddi DST-TD","footrope","center","liftoff","06:14:44"
"2021-08-18","GP017F","Star Oddi DST-TD","footrope","center","touchdown","07:03:12"
"2021-08-18","GP017F","Star Oddi DST-TD","footrope","center","liftoff","07:09:01"
"2021-08-18","GP021F","Star Oddi DST-TD","footrope","center","touchdown","08:27:22"
"2021-08-18","GP021F","Star Oddi DST-TD","footrope","center","liftoff","08:33:40"
"2021-08-18","GP020F","Star Oddi DST-TD","footrope","center","touchdown","09:31:13"
"2021-08-18","GP020F","Star Oddi DST-TD","footrope","center","liftoff","09:37:27"
"2021-08-18","GP014F","Star Oddi DST-TD","footrope","center","touchdown","10:30:10"
"2021-08-18","GP014F","Star Oddi DST-TD","footrope","center","liftoff","10:35:46"
"2021-08-18","GP029F","Star Oddi DST-TD","footrope","center","touchdown","12:10:55"
"2021-08-18","GP029F","Star Oddi DST-TD","footrope","center","liftoff","12:17:05"
"2021-08-18","GP034A2","Star Oddi DST-TD","footrope","center","touchdown","16:01:06"
"2021-08-18","GP034A2","Star Oddi DST-TD","footrope","center","liftoff","16:06:56"
"2021-08-18","GP033F","Star Oddi DST-TD","footrope","center","touchdown","17:26:59"
"2021-08-18","GP033F","Star Oddi DST-TD","footrope","center","liftoff","17:32:53"
"2021-08-18","GP027F","Star Oddi DST-TD","footrope","center","touchdown","18:27:57"
"2021-08-18","GP027F","Star Oddi DST-TD","footrope","center","liftoff","18:33:46"
"2021-08-18","GP038F","Star Oddi DST-TD","footrope","center","touchdown","19:52:56"
"2021-08-18","GP038F","Star Oddi DST-TD","footrope","center","liftoff","19:58:43"
"2021-08-19","GP035F","Star Oddi DST-TD","footrope","center","touchdown","06:05:58"
"2021-08-19","GP035F","Star Oddi DST-TD","footrope","center","liftoff","06:11:31"
"2021-08-19","GP054F","Star Oddi DST-TD","footrope","center","touchdown","07:17:29"
"2021-08-19","GP054F","Star Oddi DST-TD","footrope","center","liftoff","07:24:01"
"2021-08-19","GP064F","Star Oddi DST-TD","footrope","center","touchdown","08:30:03"
"2021-08-19","GP064F","Star Oddi DST-TD","footrope","center","liftoff","08:35:18"
"2021-08-19","GP056FR","Star Oddi DST-TD","footrope","center","touchdown","10:36:00"
"2021-08-19","GP056FR","Star Oddi DST-TD","footrope","center","liftoff","10:42:03"
"2021-08-19","GP074F","Star Oddi DST-TD","footrope","center","touchdown","11:43:49"
"2021-08-19","GP074F","Star Oddi DST-TD","footrope","center","liftoff","11:49:14"
"2021-08-19","GP057F","Star Oddi DST-TD","footrope","center","touchdown","13:17:07"
"2021-08-19","GP057F","Star Oddi DST-TD","footrope","center","liftoff","13:22:52"
"2021-08-19","GP059F","Star Oddi DST-TD","footrope","center","touchdown","14:45:27"
"2021-08-19","GP059F","Star Oddi DST-TD","footrope","center","liftoff","14:51:05"
"2021-08-19","GP065F","Star Oddi DST-TD","footrope","center","touchdown","15:53:03"
"2021-08-19","GP065F","Star Oddi DST-TD","footrope","center","liftoff","15:58:20"
"2021-08-19","GP086F","Star Oddi DST-TD","footrope","center","touchdown","17:12:43"
"2021-08-19","GP086F","Star Oddi DST-TD","footrope","center","liftoff","17:18:37"
"2021-08-19","GP073F","Star Oddi DST-TD","footrope","center","touchdown","18:26:12"
"2021-08-19","GP073F","Star Oddi DST-TD","footrope","center","liftoff","18:32:02"
"2021-08-19","GP058F","Star Oddi DST-TD","footrope","center","touchdown","19:29:11"
"2021-08-19","GP058F","Star Oddi DST-TD","footrope","center","liftoff","19:34:55"
"2021-08-20","GP037F","Star Oddi DST-TD","footrope","center","touchdown","06:07:43"
"2021-08-20","GP037F","Star Oddi DST-TD","footrope","center","liftoff","06:13:23"
"2021-08-20","GP055A1","Star Oddi DST-TD","footrope","center","touchdown","08:38:25"
"2021-08-20","GP055A1","Star Oddi DST-TD","footrope","center","liftoff","08:44:00"
"2021-08-20","GP071F","Star Oddi DST-TD","footrope","center","touchdown","10:12:12"
"2021-08-20","GP071F","Star Oddi DST-TD","footrope","center","liftoff","10:17:48"
"2021-08-20","GP075F","Star Oddi DST-TD","footrope","center","touchdown","11:37:00"
"2021-08-20","GP075F","Star Oddi DST-TD","footrope","center","liftoff","11:42:20"
"2021-08-20","GP089A1","Star Oddi DST-TD","footrope","center","touchdown","14:36:49"
"2021-08-20","GP089A1","Star Oddi DST-TD","footrope","center","liftoff","14:42:32"
"2021-08-20","GP114F","Star Oddi DST-TD","footrope","center","touchdown","16:49:21"
"2021-08-20","GP114F","Star Oddi DST-TD","footrope","center","liftoff","16:55:26"
"2021-08-20","GP126F","Star Oddi DST-TD","footrope","center","touchdown","18:02:32"
"2021-08-20","GP126F","Star Oddi DST-TD","footrope","center","liftoff","18:08:23"
"2021-08-20","GP101F","Star Oddi DST-TD","footrope","center","touchdown","19:39:50"
"2021-08-20","GP101F","Star Oddi DST-TD","footrope","center","liftoff","19:45:17"
"2021-08-21","GP082F","Star Oddi DST-TD","footrope","center","touchdown","06:09:19"
"2021-08-21","GP082F","Star Oddi DST-TD","footrope","center","liftoff","06:14:56"
"2021-08-21","GP060F","Star Oddi DST-TD","footrope","center","touchdown","07:40:31"
"2021-08-21","GP060F","Star Oddi DST-TD","footrope","center","liftoff","07:46:02"
"2021-08-21","GP087F","Star Oddi DST-TD","footrope","center","touchdown","09:25:40"
"2021-08-21","GP087F","Star Oddi DST-TD","footrope","center","liftoff","09:31:24"
"2021-08-21","GP100F","Star Oddi DST-TD","footrope","center","touchdown","10:42:44"
"2021-08-21","GP100F","Star Oddi DST-TD","footrope","center","liftoff","10:48:18"
"2021-08-21","GP092F","Star Oddi DST-TD","footrope","center","touchdown","12:34:36"
"2021-08-21","GP092F","Star Oddi DST-TD","footrope","center","liftoff","12:39:57"
"2021-08-21","GP110F","Star Oddi DST-TD","footrope","center","touchdown","14:11:36"
"2021-08-21","GP110F","Star Oddi DST-TD","footrope","center","liftoff","14:17:18"
"2021-08-21","GP136F","Star Oddi DST-TD","footrope","center","touchdown","15:49:03"
"2021-08-21","GP136F","Star Oddi DST-TD","footrope","center","liftoff","15:55:15"
"2021-08-21","GP129F","Star Oddi DST-TD","footrope","center","touchdown","16:52:46"
"2021-08-21","GP129F","Star Oddi DST-TD","footrope","center","liftoff","16:58:39"
"2021-08-22","GP093F","Star Oddi DST-TD","footrope","center","touchdown","06:08:25"
"2021-08-22","GP093F","Star Oddi DST-TD","footrope","center","liftoff","06:13:42"
"2021-08-22","GP070F","Star Oddi DST-TD","footrope","center","touchdown","07:13:30"
"2021-08-22","GP070F","Star Oddi DST-TD","footrope","center","liftoff","07:19:09"
"2021-08-22","GP063F","Star Oddi DST-TD","footrope","center","touchdown","08:43:35"
"2021-08-22","GP063F","Star Oddi DST-TD","footrope","center","liftoff","08:49:04"
"2021-08-22","GP095F","Star Oddi DST-TD","footrope","center","touchdown","09:56:41"
"2021-08-22","GP095F","Star Oddi DST-TD","footrope","center","liftoff","10:02:12"
"2021-08-22","GP111F","Star Oddi DST-TD","footrope","center","touchdown","11:07:02"
"2021-08-22","GP111F","Star Oddi DST-TD","footrope","center","liftoff","11:12:41"
"2021-08-22","GP135F","Star Oddi DST-TD","footrope","center","touchdown","12:11:22"
"2021-08-22","GP135F","Star Oddi DST-TD","footrope","center","liftoff","12:17:20"
"2021-08-22","GP131F","Star Oddi DST-TD","footrope","center","touchdown","13:15:36"
"2021-08-22","GP131F","Star Oddi DST-TD","footrope","center","liftoff","13:21:07"
"2021-08-22","GP145F","Star Oddi DST-TD","footrope","center","touchdown","14:15:27"
"2021-08-22","GP145F","Star Oddi DST-TD","footrope","center","liftoff","14:21:11"
"2021-08-22","GP137F","Star Oddi DST-TD","footrope","center","touchdown","15:26:49"
"2021-08-22","GP137F","Star Oddi DST-TD","footrope","center","liftoff","15:32:06"
"2021-08-22","GP119F","Star Oddi DST-TD","footrope","center","touchdown","16:43:12"
"2021-08-22","GP119F","Star Oddi DST-TD","footrope","center","liftoff","16:49:08"
"2021-08-22","GP102A1","Star Oddi DST-TD","footrope","center","touchdown","19:11:28"
"2021-08-22","GP102A1","Star Oddi DST-TD","footrope","center","liftoff","19:16:57"
"2021-08-23","GP090F","Star Oddi DST-TD","footrope","center","touchdown","06:11:34"
"2021-08-23","GP090F","Star Oddi DST-TD","footrope","center","liftoff","06:17:01"
"2021-08-23","GP079FR","Star Oddi DST-TD","footrope","center","touchdown","07:59:18"
"2021-08-23","GP079FR","Star Oddi DST-TD","footrope","center","liftoff","08:04:52"
"2021-08-23","GP104F","Star Oddi DST-TD","footrope","center","touchdown","09:01:48"
"2021-08-23","GP104F","Star Oddi DST-TD","footrope","center","liftoff","09:07:07"
"2021-08-23","GP091F","Star Oddi DST-TD","footrope","center","touchdown","10:23:37"
"2021-08-23","GP091F","Star Oddi DST-TD","footrope","center","liftoff","10:29:08"
"2021-08-23","GP108A1","Star Oddi DST-TD","footrope","center","touchdown","12:34:08"
"2021-08-23","GP108A1","Star Oddi DST-TD","footrope","center","liftoff","12:38:14"
"2021-08-23","GP132F","Star Oddi DST-TD","footrope","center","touchdown","13:46:13"
"2021-08-23","GP132F","Star Oddi DST-TD","footrope","center","liftoff","13:51:48"
"2021-08-23","GP148A1","Star Oddi DST-TD","footrope","center","touchdown","16:38:41"
"2021-08-23","GP148A1","Star Oddi DST-TD","footrope","center","liftoff","16:44:25"
"2021-08-23","GP140F","Star Oddi DST-TD","footrope","center","touchdown","18:11:20"
"2021-08-23","GP140F","Star Oddi DST-TD","footrope","center","liftoff","18:16:34"
"2021-08-23","GP117A1","Star Oddi DST-TD","footrope","center","touchdown","20:22:01"
"2021-08-23","GP117A1","Star Oddi DST-TD","footrope","center","liftoff","20:27:17"
"2021-08-24","GP097F","Star Oddi DST-TD","footrope","center","touchdown","06:20:36"
"2021-08-24","GP097F","Star Oddi DST-TD","footrope","center","liftoff","06:26:44"
"2021-08-24","GP116F","Star Oddi DST-TD","footrope","center","touchdown","07:55:20"
"2021-08-24","GP116F","Star Oddi DST-TD","footrope","center","liftoff","08:00:42"
"2021-08-24","GP146A2","Star Oddi DST-TD","footrope","center","touchdown","10:40:18"
"2021-08-24","GP146A2","Star Oddi DST-TD","footrope","center","liftoff","10:45:24"
"2021-08-24","GP160F","Star Oddi DST-TD","footrope","center","touchdown","11:44:50"
"2021-08-24","GP160F","Star Oddi DST-TD","footrope","center","liftoff","11:50:35"
"2021-08-24","GP161F","Star Oddi DST-TD","footrope","center","touchdown","13:02:39"
"2021-08-24","GP161F","Star Oddi DST-TD","footrope","center","liftoff","13:07:48"
"2021-08-24","GP151A1","Star Oddi DST-TD","footrope","center","touchdown","17:24:59"
"2021-08-24","GP151A1","Star Oddi DST-TD","footrope","center","liftoff","17:30:20"
"2021-08-24","GP164F","Star Oddi DST-TD","footrope","center","touchdown","18:25:29"
"2021-08-24","GP164F","Star Oddi DST-TD","footrope","center","liftoff","18:30:58"
"2021-08-24","GP163F","Star Oddi DST-TD","footrope","center","touchdown","19:40:12"
"2021-08-24","GP163F","Star Oddi DST-TD","footrope","center","liftoff","19:46:04"
"2021-08-25","GP232F","Star Oddi DST-TD","footrope","center","touchdown","08:16:29"
"2021-08-25","GP232F","Star Oddi DST-TD","footrope","center","liftoff","08:21:23"
"2021-08-31","GP255F","Star Oddi DST-TD","footrope","center","touchdown","07:22:15"
"2021-08-31","GP255F","Star Oddi DST-TD","footrope","center","liftoff","07:27:42"
"2021-08-31","GP246A1","Star Oddi DST-TD","footrope","center","touchdown","10:14:41"
"2021-08-31","GP246A1","Star Oddi DST-TD","footrope","center","liftoff","10:19:55"
"2021-08-31","GP244F","Star Oddi DST-TD","footrope","center","touchdown","11:06:37"
"2021-08-31","GP244F","Star Oddi DST-TD","footrope","center","liftoff","11:12:12"
"2021-08-31","GP229F","Star Oddi DST-TD","footrope","center","touchdown","12:27:40"
"2021-08-31","GP229F","Star Oddi DST-TD","footrope","center","liftoff","12:33:08"
"2021-08-31","GP215A1","Star Oddi DST-TD","footrope","center","touchdown","18:47:35"
"2021-08-31","GP215A1","Star Oddi DST-TD","footrope","center","liftoff","18:52:56"
"2021-08-31","GP210F","Star Oddi DST-TD","footrope","center","touchdown","19:48:04"
"2021-08-31","GP210F","Star Oddi DST-TD","footrope","center","liftoff","19:53:25"
"2021-09-01","GP221F","Star Oddi DST-TD","footrope","center","touchdown","06:21:41"
"2021-09-01","GP221F","Star Oddi DST-TD","footrope","center","liftoff","06:27:23"
"2021-09-01","GP177F","Star Oddi DST-TD","footrope","center","touchdown","08:14:05"
"2021-09-01","GP177F","Star Oddi DST-TD","footrope","center","liftoff","08:19:33"
"2021-09-01","GP190F","Star Oddi DST-TD","footrope","center","touchdown","09:20:59"
"2021-09-01","GP190F","Star Oddi DST-TD","footrope","center","liftoff","09:26:13"
"2021-09-01","GP188F","Star Oddi DST-TD","footrope","center","touchdown","10:14:49"
"2021-09-01","GP188F","Star Oddi DST-TD","footrope","center","liftoff","10:20:20"
"2021-09-01","GP196A1","Star Oddi DST-TD","footrope","center","touchdown","12:01:20"
"2021-09-01","GP196A1","Star Oddi DST-TD","footrope","center","liftoff","12:07:11"
"2021-09-01","GP182F","Star Oddi DST-TD","footrope","center","touchdown","14:16:44"
"2021-09-01","GP182F","Star Oddi DST-TD","footrope","center","liftoff","14:22:16"
"2021-09-01","GP194F","Star Oddi DST-TD","footrope","center","touchdown","15:15:18"
"2021-09-01","GP194F","Star Oddi DST-TD","footrope","center","liftoff","15:20:53"
"2021-09-01","GP186F","Star Oddi DST-TD","footrope","center","touchdown","16:29:01"
"2021-09-01","GP186F","Star Oddi DST-TD","footrope","center","liftoff","16:34:31"
"2021-09-01","GP167F","Star Oddi DST-TD","footrope","center","touchdown","17:42:02"
"2021-09-01","GP167F","Star Oddi DST-TD","footrope","center","liftoff","17:47:17"
"2021-09-01","GP173F","Star Oddi DST-TD","footrope","center","touchdown","19:14:09"
"2021-09-01","GP173F","Star Oddi DST-TD","footrope","center","liftoff","19:19:48"
"2021-09-02","GP225F","Star Oddi DST-TD","footrope","center","touchdown","06:17:18"
"2021-09-02","GP225F","Star Oddi DST-TD","footrope","center","liftoff","06:22:44"
"2021-09-04","GP222F","Star Oddi DST-TD","footrope","center","touchdown","14:07:38"
"2021-09-04","GP222F","Star Oddi DST-TD","footrope","center","liftoff","14:13:02"
"2021-09-04","GP205F","Star Oddi DST-TD","footrope","center","touchdown","15:24:16"
"2021-09-04","GP205F","Star Oddi DST-TD","footrope","center","liftoff","15:29:52"
"2021-09-04","GP213F","Star Oddi DST-TD","footrope","center","touchdown","16:11:06"
"2021-09-04","GP213F","Star Oddi DST-TD","footrope","center","liftoff","16:16:45"
"2021-09-04","GP224F","Star Oddi DST-TD","footrope","center","touchdown","17:23:10"
"2021-09-04","GP224F","Star Oddi DST-TD","footrope","center","liftoff","17:28:31"
"2021-09-05","GP239F","Star Oddi DST-TD","footrope","center","touchdown","10:47:00"
"2021-09-05","GP239F","Star Oddi DST-TD","footrope","center","liftoff","10:52:34"
"2021-09-05","GP253F","Star Oddi DST-TD","footrope","center","touchdown","11:41:44"
"2021-09-05","GP253F","Star Oddi DST-TD","footrope","center","liftoff","11:47:33"
"2021-09-05","GP242F","Star Oddi DST-TD","footrope","center","touchdown","12:27:36"
"2021-09-05","GP242F","Star Oddi DST-TD","footrope","center","liftoff","12:32:58"
"2021-09-05","GP216F","Star Oddi DST-TD","footrope","center","touchdown","15:25:16"
"2021-09-05","GP216F","Star Oddi DST-TD","footrope","center","liftoff","15:30:32"
"2021-09-05","GP195F","Star Oddi DST-TD","footrope","center","touchdown","16:46:17"
"2021-09-05","GP195F","Star Oddi DST-TD","footrope","center","liftoff","16:51:51"
"2021-09-05","GP171F","Star Oddi DST-TD","footrope","center","touchdown","18:10:13"
"2021-09-05","GP171F","Star Oddi DST-TD","footrope","center","liftoff","18:15:51"
"2021-09-05","GP155F","Star Oddi DST-TD","footrope","center","touchdown","19:05:59"
"2021-09-05","GP155F","Star Oddi DST-TD","footrope","center","liftoff","19:11:37"
"2021-09-06","GP118F","Star Oddi DST-TD","footrope","center","touchdown","06:30:33"
"2021-09-06","GP118F","Star Oddi DST-TD","footrope","center","liftoff","06:35:50"
"2021-09-06","GP143A1","Star Oddi DST-TD","footrope","center","touchdown","09:07:41"
"2021-09-06","GP143A1","Star Oddi DST-TD","footrope","center","liftoff","09:12:57"
"2021-09-06","GP157F","Star Oddi DST-TD","footrope","center","touchdown","10:11:07"
"2021-09-06","GP157F","Star Oddi DST-TD","footrope","center","liftoff","10:16:36"
"2021-09-06","GP172F","Star Oddi DST-TD","footrope","center","touchdown","11:20:37"
"2021-09-06","GP172F","Star Oddi DST-TD","footrope","center","liftoff","11:26:59"
"2021-09-06","GP183F","Star Oddi DST-TD","footrope","center","touchdown","12:30:24"
"2021-09-06","GP183F","Star Oddi DST-TD","footrope","center","liftoff","12:35:48"
"2021-09-06","GP200F","Star Oddi DST-TD","footrope","center","touchdown","13:51:38"
"2021-09-06","GP200F","Star Oddi DST-TD","footrope","center","liftoff","13:57:04"
"2021-09-08","GP275F","Star Oddi DST-TD","footrope","center","touchdown","08:06:53"
"2021-09-08","GP275F","Star Oddi DST-TD","footrope","center","liftoff","08:12:21"
"2021-09-08","GP252F","Star Oddi DST-TD","footrope","center","touchdown","09:18:57"
"2021-09-08","GP252F","Star Oddi DST-TD","footrope","center","liftoff","09:24:24"
"2021-09-08","GP279A1","Star Oddi DST-TD","footrope","center","touchdown","11:15:36"
"2021-09-08","GP279A1","Star Oddi DST-TD","footrope","center","liftoff","11:20:36"
"2021-09-13","GP297F","Star Oddi DST-TD","footrope","center","touchdown","09:33:35"
"2021-09-13","GP297F","Star Oddi DST-TD","footrope","center","liftoff","09:39:09"
"2021-09-13","GP296F","Star Oddi DST-TD","footrope","center","touchdown","10:29:17"
"2021-09-13","GP296F","Star Oddi DST-TD","footrope","center","liftoff","10:34:33"
"2021-09-13","GP288F","Star Oddi DST-TD","footrope","center","touchdown","12:23:06"
"2021-09-13","GP288F","Star Oddi DST-TD","footrope","center","liftoff","12:28:42"
"2021-09-13","GP283F","Star Oddi DST-TD","footrope","center","touchdown","13:38:46"
"2021-09-13","GP283F","Star Oddi DST-TD","footrope","center","liftoff","13:44:15"
"2021-09-13","GP274F","Star Oddi DST-TD","footrope","center","touchdown","15:20:55"
"2021-09-13","GP274F","Star Oddi DST-TD","footrope","center","liftoff","15:26:35"
"2021-09-13","GP272F","Star Oddi DST-TD","footrope","center","touchdown","16:24:01"
"2021-09-13","GP272F","Star Oddi DST-TD","footrope","center","liftoff","16:31:10"
"2021-09-13","GP267F","Star Oddi DST-TD","footrope","center","touchdown","17:57:00"
"2021-09-13","GP267F","Star Oddi DST-TD","footrope","center","liftoff","18:02:41"
"2021-09-13","GP256F","Star Oddi DST-TD","footrope","center","touchdown","19:14:18"
"2021-09-13","GP256F","Star Oddi DST-TD","footrope","center","liftoff","19:20:20"
"2021-09-14","GP254F","Star Oddi DST-TD","footrope","center","touchdown","06:44:20"
"2021-09-14","GP254F","Star Oddi DST-TD","footrope","center","liftoff","06:50:35"
"2021-09-14","GP241F","Star Oddi DST-TD","footrope","center","touchdown","09:57:48"
"2021-09-14","GP241F","Star Oddi DST-TD","footrope","center","liftoff","10:03:25"
"2021-09-14","GP231F","Star Oddi DST-TD","footrope","center","touchdown","11:31:54"
"2021-09-14","GP231F","Star Oddi DST-TD","footrope","center","liftoff","11:37:25"
"2021-09-14","GP238F","Star Oddi DST-TD","footrope","center","touchdown","12:37:30"
"2021-09-14","GP238F","Star Oddi DST-TD","footrope","center","liftoff","12:43:58"
"2021-09-14","GP262F","Star Oddi DST-TD","footrope","center","touchdown","14:16:44"
"2021-09-14","GP262F","Star Oddi DST-TD","footrope","center","liftoff","14:21:57"
"2021-09-14","GP264F","Star Oddi DST-TD","footrope","center","touchdown","15:00:05"
"2021-09-14","GP264F","Star Oddi DST-TD","footrope","center","liftoff","15:05:59"
"2021-09-14","GP271F","Star Oddi DST-TD","footrope","center","touchdown","16:20:58"
"2021-09-14","GP271F","Star Oddi DST-TD","footrope","center","liftoff","16:27:05"
"2021-09-14","GP270F","Star Oddi DST-TD","footrope","center","touchdown","18:11:51"
"2021-09-14","GP270F","Star Oddi DST-TD","footrope","center","liftoff","18:17:28"
"2021-09-14","GP266F","Star Oddi DST-TD","footrope","center","touchdown","19:26:14"
"2021-09-14","GP266F","Star Oddi DST-TD","footrope","center","liftoff","19:31:38"
"2021-09-15","GP294F","Star Oddi DST-TD","footrope","center","touchdown","06:39:46"
"2021-09-15","GP294F","Star Oddi DST-TD","footrope","center","liftoff","06:45:35"
"2021-09-15","GP277F","Star Oddi DST-TD","footrope","center","touchdown","08:05:42"
"2021-09-15","GP277F","Star Oddi DST-TD","footrope","center","liftoff","08:11:10"
"2021-09-15","GP284F","Star Oddi DST-TD","footrope","center","touchdown","08:52:46"
"2021-09-15","GP284F","Star Oddi DST-TD","footrope","center","liftoff","08:58:16"
"2021-09-15","GP276F","Star Oddi DST-TD","footrope","center","touchdown","10:08:53"
"2021-09-15","GP276F","Star Oddi DST-TD","footrope","center","liftoff","10:14:31"
"2021-09-15","GP280F","Star Oddi DST-TD","footrope","center","touchdown","11:37:01"
"2021-09-15","GP280F","Star Oddi DST-TD","footrope","center","liftoff","11:42:26"
"2021-09-16","GP175A1","Star Oddi DST-TD","footrope","center","touchdown","12:49:07"
"2021-09-16","GP175A1","Star Oddi DST-TD","footrope","center","liftoff","12:54:23"
"2021-09-16","GP168F","Star Oddi DST-TD","footrope","center","touchdown","14:26:22"
"2021-09-16","GP168F","Star Oddi DST-TD","footrope","center","liftoff","14:32:03"
"2021-09-16","GP178F","Star Oddi DST-TD","footrope","center","touchdown","15:21:48"
"2021-09-16","GP178F","Star Oddi DST-TD","footrope","center","liftoff","15:27:22"
"2021-09-16","GP193F","Star Oddi DST-TD","footrope","center","touchdown","16:24:42"
"2021-09-16","GP193F","Star Oddi DST-TD","footrope","center","liftoff","16:29:55"
"2021-09-16","GP209F","Star Oddi DST-TD","footrope","center","touchdown","17:22:48"
"2021-09-16","GP209F","Star Oddi DST-TD","footrope","center","liftoff","17:28:20"
"2021-09-16","GP204A1","Star Oddi DST-TD","footrope","center","touchdown","19:42:04"
"2021-09-16","GP204A1","Star Oddi DST-TD","footrope","center","liftoff","19:47:46"
"2021-09-17","GP217F","Star Oddi DST-TD","footrope","center","touchdown","06:34:38"
"2021-09-17","GP217F","Star Oddi DST-TD","footrope","center","liftoff","06:40:16"
"2021-09-17","GP218F","Star Oddi DST-TD","footrope","center","touchdown","07:27:37"
"2021-09-17","GP218F","Star Oddi DST-TD","footrope","center","liftoff","07:33:20"
"2021-09-17","GP236A1","Star Oddi DST-TD","footrope","center","touchdown","09:40:54"
"2021-09-17","GP236A1","Star Oddi DST-TD","footrope","center","liftoff","09:46:33"
"2021-09-17","GP223F","Star Oddi DST-TD","footrope","center","touchdown","11:15:59"
"2021-09-17","GP223F","Star Oddi DST-TD","footrope","center","liftoff","11:21:41"
"2021-09-17","GP247F","Star Oddi DST-TD","footrope","center","touchdown","12:26:28"
"2021-09-17","GP247F","Star Oddi DST-TD","footrope","center","liftoff","12:32:09"
"2021-09-17","GP258F","Star Oddi DST-TD","footrope","center","touchdown","13:08:54"
"2021-09-17","GP258F","Star Oddi DST-TD","footrope","center","liftoff","13:14:28"
"2021-09-17","GP281F","Star Oddi DST-TD","footrope","center","touchdown","14:12:47"
"2021-09-17","GP281F","Star Oddi DST-TD","footrope","center","liftoff","14:19:14"
"2021-09-17","GP278F","Star Oddi DST-TD","footrope","center","touchdown","15:00:23"
"2021-09-17","GP278F","Star Oddi DST-TD","footrope","center","liftoff","15:06:12"
"2021-09-18","GP301F","Star Oddi DST-TD","footrope","center","touchdown","06:38:00"
"2021-09-18","GP301F","Star Oddi DST-TD","footrope","center","liftoff","06:43:40"
"2021-09-18","GP289F","Star Oddi DST-TD","footrope","center","touchdown","08:05:49"
"2021-09-18","GP289F","Star Oddi DST-TD","footrope","center","liftoff","08:11:01"
"2021-09-18","GP298F","Star Oddi DST-TD","footrope","center","touchdown","09:08:42"
"2021-09-18","GP298F","Star Oddi DST-TD","footrope","center","liftoff","09:13:48"
"2021-09-18","GP292F","Star Oddi DST-TD","footrope","center","touchdown","09:56:57"
"2021-09-18","GP292F","Star Oddi DST-TD","footrope","center","liftoff","10:02:46"
"2021-09-18","GP286F","Star Oddi DST-TD","footrope","center","touchdown","11:12:44"
"2021-09-18","GP286F","Star Oddi DST-TD","footrope","center","liftoff","11:18:07"
"2021-09-18","GP299F","Star Oddi DST-TD","footrope","center","touchdown","12:41:37"
"2021-09-18","GP299F","Star Oddi DST-TD","footrope","center","liftoff","12:47:05"
"2021-09-18","GP302F","Star Oddi DST-TD","footrope","center","touchdown","13:39:50"
"2021-09-18","GP302F","Star Oddi DST-TD","footrope","center","liftoff","13:45:12"
"2021-09-18","GP304F","Star Oddi DST-TD","footrope","center","touchdown","14:33:27"
"2021-09-18","GP304F","Star Oddi DST-TD","footrope","center","liftoff","14:38:51"
"2021-09-18","GP305F","Star Oddi DST-TD","footrope","center","touchdown","16:27:26"
"2021-09-18","GP305F","Star Oddi DST-TD","footrope","center","liftoff","16:33:10"
"2021-09-18","GP306F","Star Oddi DST-TD","footrope","center","touchdown","17:34:55"
"2021-09-18","GP306F","Star Oddi DST-TD","footrope","center","liftoff","17:40:43"
"2021-09-18","GP319F","Star Oddi DST-TD","footrope","center","touchdown","18:35:59"
"2021-09-18","GP319F","Star Oddi DST-TD","footrope","center","liftoff","18:41:28"
"2021-09-20","GP330F","Star Oddi DST-TD","footrope","center","touchdown","13:09:56"
"2021-09-20","GP330F","Star Oddi DST-TD","footrope","center","liftoff","13:15:05"
"2021-09-20","GP336F","Star Oddi DST-TD","footrope","center","touchdown","15:01:22"
"2021-09-20","GP336F","Star Oddi DST-TD","footrope","center","liftoff","15:07:06"
"2021-09-20","GP340F","Star Oddi DST-TD","footrope","center","touchdown","16:27:34"
"2021-09-20","GP340F","Star Oddi DST-TD","footrope","center","liftoff","16:34:13"
"2021-09-20","GP339F","Star Oddi DST-TD","footrope","center","touchdown","17:54:10"
"2021-09-20","GP339F","Star Oddi DST-TD","footrope","center","liftoff","18:00:46"
"2021-09-20","GP343F","Star Oddi DST-TD","footrope","center","touchdown","19:06:08"
"2021-09-20","GP343F","Star Oddi DST-TD","footrope","center","liftoff","19:11:10"
"2021-09-21","GP349F","Star Oddi DST-TD","footrope","center","touchdown","06:40:36"
"2021-09-21","GP349F","Star Oddi DST-TD","footrope","center","liftoff","06:47:38"
"2021-09-21","GP355F","Star Oddi DST-TD","footrope","center","touchdown","08:10:01"
"2021-09-21","GP355F","Star Oddi DST-TD","footrope","center","liftoff","08:16:01"
"2021-09-21","GP348F","Star Oddi DST-TD","footrope","center","touchdown","10:23:02"
"2021-09-21","GP348F","Star Oddi DST-TD","footrope","center","liftoff","10:29:15"
"2021-09-21","GP347F","Star Oddi DST-TD","footrope","center","touchdown","11:49:55"
"2021-09-21","GP347F","Star Oddi DST-TD","footrope","center","liftoff","11:55:25"
"2021-09-21","GP345F","Star Oddi DST-TD","footrope","center","touchdown","13:02:25"
"2021-09-21","GP345F","Star Oddi DST-TD","footrope","center","liftoff","13:08:17"
"2021-09-21","GP337F","Star Oddi DST-TD","footrope","center","touchdown","14:27:53"
"2021-09-21","GP337F","Star Oddi DST-TD","footrope","center","liftoff","14:33:48"
"2021-09-21","GP338F","Star Oddi DST-TD","footrope","center","touchdown","16:03:58"
"2021-09-21","GP338F","Star Oddi DST-TD","footrope","center","liftoff","16:09:33"
"2021-09-21","GP328F","Star Oddi DST-TD","footrope","center","touchdown","16:57:48"
"2021-09-21","GP328F","Star Oddi DST-TD","footrope","center","liftoff","17:03:27"
"2021-09-21","GP321F","Star Oddi DST-TD","footrope","center","touchdown","18:17:55"
"2021-09-21","GP321F","Star Oddi DST-TD","footrope","center","liftoff","18:23:16"
"2021-09-21","GP314F","Star Oddi DST-TD","footrope","center","touchdown","19:10:36"
"2021-09-21","GP314F","Star Oddi DST-TD","footrope","center","liftoff","19:15:52"
"2021-09-22","GP318F","Star Oddi DST-TD","footrope","center","touchdown","06:46:45"
"2021-09-22","GP318F","Star Oddi DST-TD","footrope","center","liftoff","06:52:30"
"2021-09-22","GP309F","Star Oddi DST-TD","footrope","center","touchdown","07:53:22"
"2021-09-22","GP309F","Star Oddi DST-TD","footrope","center","liftoff","07:58:46"
"2021-09-22","GP322F","Star Oddi DST-TD","footrope","center","touchdown","09:08:07"
"2021-09-22","GP322F","Star Oddi DST-TD","footrope","center","liftoff","09:13:36"
"2021-09-22","GP327F","Star Oddi DST-TD","footrope","center","touchdown","10:17:08"
"2021-09-22","GP327F","Star Oddi DST-TD","footrope","center","liftoff","10:23:03"
"2021-09-22","GP332F","Star Oddi DST-TD","footrope","center","touchdown","11:15:45"
"2021-09-22","GP332F","Star Oddi DST-TD","footrope","center","liftoff","11:21:19"
"2021-09-22","GP317F","Star Oddi DST-TD","footrope","center","touchdown","12:25:20"
"2021-09-22","GP317F","Star Oddi DST-TD","footrope","center","liftoff","12:31:00"
"2021-09-22","GP307F","Star Oddi DST-TD","footrope","center","touchdown","13:49:04"
"2021-09-22","GP307F","Star Oddi DST-TD","footrope","center","liftoff","13:54:51"
"2021-09-22","GP311F","Star Oddi DST-TD","footrope","center","touchdown","14:54:40"
"2021-09-22","GP311F","Star Oddi DST-TD","footrope","center","liftoff","15:00:38"
"2021-09-22","GP329F","Star Oddi DST-TD","footrope","center","touchdown","16:23:06"
"2021-09-22","GP329F","Star Oddi DST-TD","footrope","center","liftoff","16:28:15"
"2021-09-22","GP333F","Star Oddi DST-TD","footrope","center","touchdown","17:23:09"
"2021-09-22","GP333F","Star Oddi DST-TD","footrope","center","liftoff","17:29:03"
"2021-09-22","GP308F","Star Oddi DST-TD","footrope","center","touchdown","19:31:12"
"2021-09-22","GP308F","Star Oddi DST-TD","footrope","center","liftoff","19:36:40"
"2021-09-22","GP310F","Star Oddi DST-TD","footrope","center","touchdown","20:19:22"
"2021-09-22","GP310F","Star Oddi DST-TD","footrope","center","liftoff","20:24:44"
