"tow.id","date","time","tow.number","species","sampler","crab.number","carapace.width","chela.height","sex","shell.condition","missing.legs","test","comment"
"GP354F","2022-07-13","15:32:58",1,2527,"Yves Larocque",1,48.26,NA,"1","1","1****1*1**","ML",""
"GP354F","2022-07-13","15:34:27",1,2527,"Yves Larocque",2,47.09,NA,"2","1","*****1111*","ML",""
"GP354F","2022-07-13","15:35:01",1,2521,"Yves Larocque",3,74.6,22.78,"1","1","1*********","ML",""
"GP354F","2022-07-13","15:35:29",1,2521,"Yves Larocque",4,63.12,19.82,"1","1","********2*","ML",""
"GP346F","2022-07-14","07:12:36",1,2521,"Murray McWilliams",1,24.21,5.22,"1","1","*********2","ML",""
"GP346F","2022-07-14","07:13:39",1,2521,"Murray McWilliams",2,54.31,14.07,"1","1","****1*****","ML",""
"GP346F","2022-07-14","07:14:10",1,2521,"Murray McWilliams",3,40.12,NA,"2","1","**********","ML",""
"GP043F","2022-07-14","08:38:01",2,2521,"Murray McWilliams",1,27.79,6.16,"1","1","**********","ML",""
"GP043F","2022-07-14","08:38:26",2,2521,"Murray McWilliams",2,23.78,5.19,"1","1","**********","ML",""
"GP043F","2022-07-14","08:38:45",2,2521,"Murray McWilliams",3,21.73,4.62,"1","1","**********","ML",""
"GP342F","2022-07-14","09:50:22",3,2521,"Murray McWilliams",1,20.92,NA,"2","1","**********","ML",""
"GP225F","2022-07-14","11:10:07",4,2527,"Murray McWilliams",1,76.22,24.08,"1","1","****1*****","ML",""
"GP225F","2022-07-14","11:10:41",4,2527,"Murray McWilliams",2,64.9,14.46,"1","1","**********","ML",""
"GP225F","2022-07-14","11:10:52",4,2527,"Murray McWilliams",3,79.79,22.04,"1","1","**********","ML",""
"GP225F","2022-07-14","11:11:04",4,2527,"Murray McWilliams",4,75.32,21.84,"1","1","**********","ML",""
"GP225F","2022-07-14","11:11:16",4,2527,"Murray McWilliams",5,71.46,18.92,"1","1","*1********","ML",""
"GP225F","2022-07-14","11:11:28",4,2527,"Murray McWilliams",6,78.18,23.33,"1","1","**********","ML",""
"GP225F","2022-07-14","11:11:37",4,2527,"Murray McWilliams",7,60.57,16.96,"1","1","*******1**","ML",""
"GP225F","2022-07-14","11:11:47",4,2527,"Murray McWilliams",8,45.43,11.53,"1","1","1***2*12**","ML",""
"GP225F","2022-07-14","11:12:19",4,2521,"Murray McWilliams",9,59.87,14.15,"1","1","**********","ML",""
"GP225F","2022-07-14","11:12:40",4,2521,"Murray McWilliams",10,60.56,16.11,"1","1","1********1","ML",""
"GP225F","2022-07-14","11:12:53",4,2521,"Murray McWilliams",11,56.13,12.75,"1","1","**********","ML",""
"GP225F","2022-07-14","11:13:04",4,2521,"Murray McWilliams",12,64.53,17.38,"1","1","**********","ML",""
"GP225F","2022-07-14","11:13:24",4,2521,"Murray McWilliams",13,79.16,23.44,"1","1","**********","ML",""
"GP225F","2022-07-14","11:13:37",4,2521,"Murray McWilliams",14,30.08,7.28,"1","1","*******1**","ML",""
"GP323F","2022-07-14","12:00:07",5,2521,"Murray McWilliams",1,19.63,4.13,"1","1","**2***2***","ML",""
"GP323F","2022-07-14","12:00:37",5,2527,"Murray McWilliams",2,77.12,23.61,"1","1","**********","ML",""
"GP323F","2022-07-14","12:00:55",5,2527,"Murray McWilliams",3,84.74,23.04,"1","1","*******1**","ML",""
"GP323F","2022-07-14","12:01:06",5,2527,"Murray McWilliams",4,75.79,21.21,"1","1","****1*****","ML",""
"GP323F","2022-07-14","12:01:16",5,2527,"Murray McWilliams",5,69.62,19.44,"1","1","**********","ML",""
"GP323F","2022-07-14","12:01:26",5,2527,"Murray McWilliams",6,72.8,19.34,"1","1","**********","ML",""
"GP325F","2022-07-14","13:38:16",6,2527,"Murray McWilliams",1,76.42,24.09,"1","1","***1******","ML",""
"GP325F","2022-07-14","13:38:42",6,2521,"Murray McWilliams",2,28.4,6.2,"1","1","**********","ML",""
"GP325F","2022-07-14","13:39:01",6,2521,"Murray McWilliams",3,20.72,4.78,"1","1","**********","ML",""
"GP325F","2022-07-14","13:39:33",6,2521,"Murray McWilliams",4,28,5.99,"1","1","*********1","ML",""
"GP325F","2022-07-14","13:39:44",6,2521,"Murray McWilliams",5,39.42,NA,"2","1","**********","ML",""
"GP325F","2022-07-14","13:39:59",6,2521,"Murray McWilliams",6,34.77,NA,"2","1","**********","ML",""
"GP325F","2022-07-14","13:40:15",6,2521,"Murray McWilliams",7,22.65,NA,"2","1","**********","ML",""
"GP325F","2022-07-14","13:40:22",6,2521,"Murray McWilliams",8,27.61,NA,"2","1","**********","ML",""
"GP325F","2022-07-14","13:40:31",6,2521,"Murray McWilliams",9,27.97,NA,"2","1","**********","ML",""
"GP325F","2022-07-14","13:40:37",6,2521,"Murray McWilliams",10,35.61,NA,"2","1","**********","ML",""
"GP235F","2022-07-14","14:42:54",7,2521,"Murray McWilliams",1,43.97,NA,"2","1","**********","ML",""
"GP235F","2022-07-14","14:43:25",7,2527,"Murray McWilliams",2,64.92,19.15,"1","1","**********","ML",""
"GP235F","2022-07-14","14:43:38",7,2527,"Murray McWilliams",3,73.09,18.72,"1","1","*******1**","CH",""
"GP235F","2022-07-14","14:44:16",7,2521,"Murray McWilliams",4,68.67,18.78,"1","1","1*********","ML",""
"GP331F","2022-07-14","19:24:39",8,2527,"Murray McWilliams",1,75.6,23.7,"1","1","**********","ML",""
"GP331F","2022-07-14","19:26:38",8,2521,"Murray McWilliams",2,43.6,NA,"2","1","**********","ML",""
"GP331F","2022-07-14","19:26:55",8,2521,"Murray McWilliams",3,44.56,NA,"2","1","**********","CW",""
"GP324F","2022-07-14","20:23:46",9,2527,"Yves Larocque",1,78.45,23.18,"1","1","**********","CW",""
"GP313F","2022-07-15","09:15:38",1,2521,"Yves Larocque",1,23.67,NA,"1","1","**********","CH",""
"GP313F","2022-07-15","09:16:13",1,2521,"Yves Larocque",2,29.87,NA,"2","1","**********","ML",""
"GP313F","2022-07-15","09:16:30",1,2521,"Yves Larocque",3,20.77,NA,"2","1","**********","ML",""
"GP313F","2022-07-15","09:16:37",1,2521,"Yves Larocque",4,25.26,NA,"2","1","**********","ML",""
"GP313F","2022-07-15","09:16:58",1,2521,"Yves Larocque",5,19.98,NA,"2","1","**********","ML",""
"GP326FR2","2022-07-15","12:33:20",2,2521,"Yves Larocque",1,20.72,NA,"1","1","**********","CH",""
"GP326FR2","2022-07-15","12:33:51",2,2521,"Yves Larocque",2,25.99,NA,"1","1","**********","CH",""
"GP326FR2","2022-07-15","12:33:55",2,2521,"Yves Larocque",3,25.54,NA,"1","1","**********","CH",""
"GP326FR2","2022-07-15","12:34:01",2,2521,"Yves Larocque",4,21.64,NA,"1","1","**********","CH",""
"GP326FR2","2022-07-15","12:34:09",2,2521,"Yves Larocque",5,19.98,NA,"1","1","**********","CH",""
"GP326FR2","2022-07-15","12:34:23",2,2521,"Yves Larocque",6,35.36,NA,"2","1","********11","CW",""
"GP326FR2","2022-07-15","12:34:38",2,2521,"Yves Larocque",7,24.61,NA,"2","1","**********","ML",""
"GP326FR2","2022-07-15","12:34:44",2,2521,"Yves Larocque",8,25.09,NA,"2","1","**********","ML",""
"GP315FR2","2022-07-15","15:02:48",3,2521,"Yves Larocque",1,63.23,14.42,"1","1","**********","ML",""
"GP315FR2","2022-07-15","15:03:11",3,2521,"Yves Larocque",2,67.85,21.01,"1","1","******1***","ML",""
"GP315FR2","2022-07-15","15:03:29",3,2521,"Yves Larocque",3,59.02,13.81,"1","1","*******1**","ML",""
"GP315FR2","2022-07-15","15:03:42",3,2521,"Yves Larocque",4,63.88,15.45,"1","1","**********","ML",""
"GP315FR2","2022-07-15","15:03:52",3,2521,"Yves Larocque",5,12.52,NA,"2","1","**********","ML",""
"GP315FR2","2022-07-15","15:04:15",3,2527,"Yves Larocque",6,70.98,18.04,"1","1","**********","ML",""
"GP315FR2","2022-07-15","15:04:29",3,2527,"Yves Larocque",7,59.76,14.2,"1","1","**********","ML",""
"GP303F","2022-07-15","18:50:11",4,2527,"Yves Larocque",1,78.02,22.14,"1","1","**********","ML",""
"GP303F","2022-07-15","18:50:32",4,2527,"Yves Larocque",2,68.96,19.89,"1","1","******1***","ML",""
"GP303F","2022-07-15","18:50:42",4,2521,"Yves Larocque",3,68.4,19.03,"1","1","*2*1******","ML",""
"GP303F","2022-07-15","18:51:07",4,2521,"Yves Larocque",4,66.43,19.69,"1","1","*1********","ML",""
"GP303F","2022-07-15","18:51:18",4,2521,"Yves Larocque",5,66.12,NA,"1","1","1****1****","ML","Manque pinces"
"GP303F","2022-07-15","18:51:49",4,2521,"Yves Larocque",6,71.34,22.29,"1","1","**********","ML",""
"GP303F","2022-07-15","18:51:59",4,2521,"Yves Larocque",7,62.4,16.14,"1","1","**********","ML",""
"GP303F","2022-07-15","18:52:10",4,2521,"Yves Larocque",8,68.33,19.14,"1","1","**********","ML",""
"GP303F","2022-07-15","18:52:27",4,2521,"Yves Larocque",9,62.09,17.36,"1","1","******1***","ML",""
"GP303F","2022-07-15","18:52:38",4,2521,"Yves Larocque",10,43.69,10.71,"1","1","2*2*******","ML",""
"GP303F","2022-07-15","18:52:55",4,2521,"Yves Larocque",11,71.93,21.49,"1","1","**********","ML",""
"GP303F","2022-07-15","18:53:17",4,2521,"Yves Larocque",12,59.67,16.87,"1","1","1*********","ML",""
"GP303F","2022-07-15","18:53:40",4,2521,"Yves Larocque",13,43.3,NA,"2","1","1*2***21**","ML",""
"GP303F","2022-07-15","18:54:01",4,2521,"Yves Larocque",14,48.6,NA,"2","1","1******1**","ML",""
"GP303F","2022-07-15","18:54:15",4,2521,"Yves Larocque",15,41.65,NA,"2","1","**********","ML",""
"GP303F","2022-07-15","18:54:23",4,2521,"Yves Larocque",16,52.52,NA,"2","1","**********","ML",""
"GP303F","2022-07-15","18:54:36",4,2521,"Yves Larocque",17,41.21,NA,"2","1","**********","ML",""
"GP303F","2022-07-15","18:54:44",4,2521,"Yves Larocque",18,45.29,NA,"2","1","**********","ML",""
"GP303F","2022-07-15","18:54:50",4,2521,"Yves Larocque",19,42.18,NA,"2","1","*21******1","ML",""
"GP303F","2022-07-15","18:54:59",4,2521,"Yves Larocque",20,41.96,NA,"2","1","**********","ML",""
"GP303F","2022-07-15","18:55:05",4,2521,"Yves Larocque",21,35.86,NA,"2","1","**********","ML",""
"GP303F","2022-07-15","18:55:17",4,2521,"Yves Larocque",22,40.18,NA,"2","1","**********","ML",""
"GP303F","2022-07-15","18:55:23",4,2521,"Yves Larocque",23,39.53,NA,"2","1","**********","ML",""
"GP303F","2022-07-15","18:55:31",4,2521,"Yves Larocque",24,37.98,NA,"2","1","**********","ML",""
"GP303F","2022-07-15","18:55:40",4,2521,"Yves Larocque",25,39.82,NA,"2","1","**********","ML",""
"GP303F","2022-07-15","18:55:48",4,2521,"Yves Larocque",26,42.6,NA,"2","1","********1*","ML",""
"GP303F","2022-07-15","18:55:57",4,2521,"Yves Larocque",27,32.48,NA,"2","1","**********","ML",""
"GP303F","2022-07-15","18:56:04",4,2521,"Yves Larocque",28,42.45,NA,"2","1","**********","ML",""
"GP287F","2022-07-15","19:56:58",5,2527,"Yves Larocque",1,80.83,21.55,"1","1","**********","ML",""
"GP287F","2022-07-15","19:57:23",5,2527,"Yves Larocque",2,71.87,17.66,"1","1","**********","ML",""
"GP287F","2022-07-15","19:57:38",5,2521,"Yves Larocque",3,61.62,17.29,"1","1","**********","ML",""
"GP287F","2022-07-15","19:57:53",5,2521,"Yves Larocque",4,55.77,12.08,"1","1","**********","ML",""
"GP287F","2022-07-15","19:58:02",5,2521,"Yves Larocque",5,58.07,13.45,"1","1","**********","ML",""
"GP287F","2022-07-15","19:58:16",5,2521,"Yves Larocque",6,68.11,15.59,"1","1","**********","ML",""
"GP287F","2022-07-15","19:58:26",5,2521,"Yves Larocque",7,48.79,NA,"1","1","1****1****","ML","Manque pinces"
"GP287F","2022-07-15","19:58:53",5,2521,"Yves Larocque",8,52.59,NA,"2","1","*******1**","ML",""
"GP287F","2022-07-15","19:59:04",5,2521,"Yves Larocque",9,32.68,NA,"2","1","**********","ML",""
"GP290F","2022-07-15","20:54:54",6,2527,"Yves Larocque",1,62.53,17.22,"1","1","*******1**","ML",""
"GP290F","2022-07-15","20:55:17",6,2521,"Yves Larocque",2,20.12,NA,"1","1","**********","CH",""
"GP290F","2022-07-15","20:55:37",6,2521,"Yves Larocque",3,58.57,15.68,"1","1","****1*****","ML",""
"GP290F","2022-07-15","20:55:47",6,2521,"Yves Larocque",4,64.92,18.8,"1","1","**********","ML",""
"GP290F","2022-07-15","20:56:00",6,2521,"Yves Larocque",5,58.16,15.74,"1","1","**********","ML",""
"GP290F","2022-07-15","20:56:10",6,2521,"Yves Larocque",6,44.03,12.76,"1","1","**2****1**","ML",""
"GP290F","2022-07-15","20:56:32",6,2521,"Yves Larocque",7,27.05,NA,"2","1","*1*11*1*1*","ML",""
"GP290F","2022-07-15","20:57:10",6,2521,"Yves Larocque",8,32.85,NA,"2","1","*****1****","ML",""
"GP290F","2022-07-15","20:57:16",6,2521,"Yves Larocque",9,30.58,NA,"2","1","**11**111*","ML",""
"GP290F","2022-07-15","20:57:26",6,2521,"Yves Larocque",10,37.66,NA,"2","1","******11**","ML",""
"GP290F","2022-07-15","20:57:31",6,2521,"Yves Larocque",11,33.23,NA,"2","1","**********","ML",""
"GP290F","2022-07-15","20:57:37",6,2521,"Yves Larocque",12,20.85,NA,"2","1","**********","ML",""
"GP290F","2022-07-15","20:57:46",6,2521,"Yves Larocque",13,42.68,NA,"2","1","**1*****1*","ML",""
"GP290F","2022-07-15","20:57:57",6,2521,"Yves Larocque",14,40.02,NA,"2","1","**********","ML",""
"GP290F","2022-07-15","20:58:07",6,2521,"Yves Larocque",15,34.85,NA,"2","1","*11****1**","ML",""
"GP290F","2022-07-15","20:58:19",6,2521,"Yves Larocque",16,36.71,NA,"2","1","**********","ML",""
"GP290F","2022-07-15","20:58:23",6,2521,"Yves Larocque",17,19.19,NA,"2","1","**********","ML",""
"GP290F","2022-07-15","20:58:28",6,2521,"Yves Larocque",18,35.76,NA,"2","1","**********","ML",""
"GP290F","2022-07-15","20:58:33",6,2521,"Yves Larocque",19,31.62,NA,"2","1","*1********","ML",""
"GP290F","2022-07-15","20:58:40",6,2521,"Yves Larocque",20,41.72,NA,"2","1","**********","ML",""
"GP290F","2022-07-15","20:58:47",6,2521,"Yves Larocque",21,22.03,NA,"2","1","**********","ML",""
"GP290F","2022-07-15","20:58:54",6,2521,"Yves Larocque",22,31.16,NA,"2","1","**********","ML",""
"GP290F","2022-07-15","20:58:59",6,2521,"Yves Larocque",23,40.44,NA,"2","1","***1******","ML",""
"GP290F","2022-07-15","20:59:06",6,2521,"Yves Larocque",24,32,NA,"2","1","**2*******","ML",""
"GP290F","2022-07-15","20:59:14",6,2521,"Yves Larocque",25,29.8,NA,"2","1","**********","ML",""
"GP290F","2022-07-15","20:59:18",6,2521,"Yves Larocque",26,33.81,NA,"2","1","**********","ML",""
"GP290F","2022-07-15","20:59:23",6,2521,"Yves Larocque",27,31.64,NA,"2","1","**********","ML",""
"GP290F","2022-07-15","20:59:31",6,2521,"Yves Larocque",28,27.66,NA,"2","1","**********","ML",""
"GP290F","2022-07-15","20:59:36",6,2521,"Yves Larocque",29,31.34,NA,"2","1","**********","ML",""
"GP290F","2022-07-15","20:59:42",6,2521,"Yves Larocque",30,30.39,NA,"2","1","**********","ML",""
"GP290F","2022-07-15","20:59:52",6,2521,"Yves Larocque",31,38.37,NA,"2","1","**********","ML",""
"GP290F","2022-07-15","21:00:01",6,2521,"Yves Larocque",32,38.66,NA,"2","1","******11*1","ML",""
"GP290F","2022-07-15","21:00:18",6,2521,"Yves Larocque",33,32.82,NA,"2","1","******11**","ML",""
"GP290F","2022-07-15","21:00:25",6,2521,"Yves Larocque",34,33.22,NA,"2","1","**********","ML",""
"GP290F","2022-07-15","21:00:31",6,2521,"Yves Larocque",35,43.14,NA,"2","1","*******21*","ML",""
"GP290F","2022-07-15","21:00:41",6,2521,"Yves Larocque",36,34.19,NA,"2","1","**12******","ML",""
"GP290F","2022-07-15","21:00:54",6,2521,"Yves Larocque",37,31.49,NA,"2","1","******1***","ML",""
"GP208F","2022-07-17","11:44:52",1,2521,"Yves Larocque",1,51.24,12.06,"1","1","**********","ML",""
"GP208F","2022-07-17","11:45:14",1,2521,"Yves Larocque",2,71.63,20.74,"1","1","******1***","ML",""
"GP121F","2022-07-18","06:07:18",1,2521,"Murray McWilliams",1,33.72,NA,"1","1","**********","CH",""
"GP130FR1","2022-07-21","18:27:46",1,2521,"Murray McWilliams",1,40.78,7.71,"1","1","**********","ML",""
"GP130FR1","2022-07-21","18:28:41",1,2521,"Murray McWilliams",2,36.44,NA,"1","1","**********","CH",""
"GP130FR1","2022-07-21","18:28:58",1,2521,"Murray McWilliams",3,31.81,NA,"1","1","**********","CH",""
"GP130FR1","2022-07-21","18:29:14",1,2521,"Murray McWilliams",4,31.76,NA,"1","1","**********","CH",""
"GP130FR1","2022-07-21","18:29:29",1,2521,"Murray McWilliams",5,32.17,NA,"2","1","**********","ML",""
"GP130FR1","2022-07-21","18:29:46",1,2521,"Murray McWilliams",6,42.18,NA,"2","1","**********","ML",""
"GP152F","2022-07-21","19:44:54",2,2521,"Murray McWilliams",1,62.79,19.7,"1","1","***1******","ML",""
"GP152F","2022-07-21","19:45:28",2,2521,"Murray McWilliams",2,60.4,17.37,"1","1","***1******","ML",""
"GP152F","2022-07-21","19:45:42",2,2521,"Murray McWilliams",3,45.62,10.11,"1","1","***1******","ML",""
"GP152F","2022-07-21","19:46:04",2,2521,"Murray McWilliams",4,46.86,10.4,"1","1","**********","ML",""
"GP152F","2022-07-21","19:46:17",2,2521,"Murray McWilliams",5,44.12,NA,"2","1","**********","ML",""
"GP152F","2022-07-21","19:46:30",2,2521,"Murray McWilliams",6,40.83,NA,"2","1","******11**","ML",""
"GP152F","2022-07-21","19:46:39",2,2521,"Murray McWilliams",7,31.25,NA,"2","1","**********","ML",""
"GP152F","2022-07-21","19:46:44",2,2521,"Murray McWilliams",8,33.52,NA,"2","1","***11*****","ML",""
"GP152F","2022-07-21","19:46:51",2,2521,"Murray McWilliams",9,37.62,NA,"2","1","**********","ML",""
"GP165FR1","2022-07-22","08:09:06",1,2527,"Murray McWilliams",1,64.92,17.49,"1","1","**********","ML",""
"GP165FR1","2022-07-22","08:09:35",1,2521,"Murray McWilliams",2,32.38,NA,"1","1","**********","CH",""
"GP153FR1","2022-07-22","10:15:17",2,2521,"Murray McWilliams",1,47.18,11.91,"1","1","*1********","ML",""
"GP153FR1","2022-07-22","10:15:38",2,2521,"Murray McWilliams",2,23.99,NA,"1","1","**********","CH",""
"GP201F","2022-07-22","14:35:44",3,2527,"Murray McWilliams",1,77.68,22.29,"1","1","1*******1*","ML",""
"GP201F","2022-07-22","14:36:10",3,2521,"Murray McWilliams",2,37.14,NA,"1","1","**********","CH",""
"GP201F","2022-07-22","14:36:33",3,2521,"Murray McWilliams",3,36.17,NA,"1","1","**********","CW",""
"GP201F","2022-07-22","14:36:53",3,2521,"Murray McWilliams",4,36.23,NA,"1","1","*1********","CH",""
"GP201F","2022-07-22","14:37:07",3,2521,"Murray McWilliams",5,32.69,NA,"2","1","**********","ML",""
"GP201F","2022-07-22","14:37:17",3,2521,"Murray McWilliams",6,34.23,NA,"2","1","******1***","ML",""
"GP201F","2022-07-22","14:37:26",3,2521,"Murray McWilliams",7,41.8,NA,"2","1","***11*****","ML",""
"GP201F","2022-07-22","14:37:33",3,2521,"Murray McWilliams",8,26.96,NA,"2","1","**********","ML",""
"GP207F","2022-07-22","15:37:11",4,2521,"Murray McWilliams",1,33.74,NA,"2","1","**********","ML",""
"GP230F","2022-07-22","17:14:30",5,2521,"Murray McWilliams",1,41.37,NA,"2","1","**11*1111*","CW",""
"GP249F","2022-07-22","20:37:14",6,2521,"Murray McWilliams",1,67.16,19.51,"1","1","********11","ML",""
"GP249F","2022-07-22","20:37:44",6,2521,"Murray McWilliams",2,33.37,NA,"2","1","**********","ML",""
"GP249F","2022-07-22","20:37:55",6,2521,"Murray McWilliams",3,36.08,NA,"2","1","**********","ML",""
"GP249F","2022-07-22","20:38:04",6,2527,"Murray McWilliams",4,66.72,20.19,"1","1","*1********","ML",""
"GP249F","2022-07-22","20:38:16",6,2527,"Murray McWilliams",5,50.86,NA,"2","1","***1**1***","ML",""
"GP243FR1","2022-07-23","08:03:14",1,2521,"Murray McWilliams",1,66.41,18.36,"1","1","******1***","ML",""
"GP243FR1","2022-07-23","08:03:43",1,2521,"Murray McWilliams",2,56.67,13.58,"1","1","******1***","ML",""
"GP243FR1","2022-07-23","08:03:55",1,2521,"Murray McWilliams",3,60.36,17.97,"1","1","*****1****","ML",""
"GP243FR1","2022-07-23","08:04:09",1,2521,"Murray McWilliams",4,50.43,11.59,"1","1","******111*","ML",""
"GP243FR1","2022-07-23","08:04:24",1,2521,"Murray McWilliams",5,50.43,12.05,"1","1","**********","ML",""
"GP243FR1","2022-07-23","08:04:32",1,2521,"Murray McWilliams",6,36.61,NA,"1","1","**********","CH",""
"GP243FR1","2022-07-23","08:04:41",1,2521,"Murray McWilliams",7,41.43,8.65,"1","1","**********","ML",""
"GP243FR1","2022-07-23","08:04:54",1,2521,"Murray McWilliams",8,34.33,NA,"1","1","**********","CH",""
"GP278FR1","2022-07-23","11:02:22",2,2527,"Murray McWilliams",1,80.35,20.89,"1","1","**********","ML",""
"GP278FR1","2022-07-23","11:02:53",2,2527,"Murray McWilliams",2,67.66,18.12,"1","1","1*********","ML",""
"GP278FR1","2022-07-23","11:03:08",2,2527,"Murray McWilliams",3,74.67,23.09,"1","1","**********","ML",""
"GP278FR1","2022-07-23","11:03:18",2,2527,"Murray McWilliams",4,83.06,24.08,"1","1","*2********","ML",""
"GP278FR1","2022-07-23","11:03:34",2,2527,"Murray McWilliams",5,70.42,18.78,"1","1","**********","ML",""
"GP278FR1","2022-07-23","11:03:47",2,2527,"Murray McWilliams",6,69.18,19.56,"1","1","**********","ML",""
"GP278FR1","2022-07-23","11:03:58",2,2527,"Murray McWilliams",7,64.88,18.4,"1","1","**********","ML",""
"GP278FR1","2022-07-23","11:04:08",2,2527,"Murray McWilliams",8,61.19,16.47,"1","1","**********","ML",""
"GP278FR1","2022-07-23","11:04:21",2,2527,"Murray McWilliams",9,53.78,14.16,"1","1","**********","ML",""
"GP278FR1","2022-07-23","11:04:29",2,2527,"Murray McWilliams",10,43.98,NA,"2","1","**********","CW",""
"GP278FR1","2022-07-23","11:04:51",2,2521,"Murray McWilliams",11,64.17,15,"1","1","**********","ML",""
"GP278FR1","2022-07-23","11:05:06",2,2521,"Murray McWilliams",12,65.65,19.72,"1","1","*****1****","ML",""
"GP278FR1","2022-07-23","11:05:15",2,2521,"Murray McWilliams",13,66.74,20.47,"1","1","**********","ML",""
"GP278FR1","2022-07-23","11:05:27",2,2521,"Murray McWilliams",14,61.28,14.69,"1","1","*****1****","ML",""
"GP278FR1","2022-07-23","11:05:39",2,2521,"Murray McWilliams",15,58.06,16.02,"1","1","**********","ML",""
"GP278FR1","2022-07-23","11:05:51",2,2521,"Murray McWilliams",16,64.43,19.43,"1","1","****1**11*","ML",""
"GP278FR1","2022-07-23","11:06:06",2,2521,"Murray McWilliams",17,65.02,16.56,"1","1","**1*1***1*","ML",""
"GP278FR1","2022-07-23","11:06:20",2,2521,"Murray McWilliams",18,54.98,16.26,"1","1","**********","ML",""
"GP278FR1","2022-07-23","11:06:32",2,2521,"Murray McWilliams",19,50.84,11.55,"1","1","**********","ML",""
"GP278FR1","2022-07-23","11:06:44",2,2521,"Murray McWilliams",20,63.65,22.8,"1","1","**********","ML",""
"GP278FR1","2022-07-23","11:07:05",2,2521,"Murray McWilliams",21,52.53,11.86,"1","1","******1*1*","ML",""
"GP278FR1","2022-07-23","11:07:22",2,2521,"Murray McWilliams",22,64.79,NA,"1","1","1****1****","ML","Manque pinces"
"GP278FR1","2022-07-23","11:07:57",2,2521,"Murray McWilliams",23,33.68,NA,"2","1","******1***","ML",""
"GP278FR1","2022-07-23","11:08:09",2,2521,"Murray McWilliams",24,43.69,NA,"2","1","*11**1**1*","ML",""
"GP278FR1","2022-07-23","11:08:16",2,2521,"Murray McWilliams",25,40.41,NA,"2","1","**********","ML",""
"GP281FR1","2022-07-23","12:26:30",3,2527,"Murray McWilliams",1,65.42,17.74,"1","1","*1********","ML",""
"GP281FR1","2022-07-23","12:26:52",3,2527,"Murray McWilliams",2,82.17,24.75,"1","1","**********","ML",""
"GP258F","2022-07-23","13:31:21",4,2521,"Murray McWilliams",1,55.6,16.33,"1","1","**********","ML",""
"GP247F","2022-07-23","14:33:26",5,2521,"Murray McWilliams",1,59.61,17.01,"1","1","*****1****","ML",""
"GP247F","2022-07-23","14:33:43",5,2527,"Murray McWilliams",2,72.35,22.82,"1","1","*********1","ML",""
"GP247F","2022-07-23","14:34:03",5,2527,"Murray McWilliams",3,71.83,22.28,"1","1","**********","ML",""
"GP228F","2022-07-23","20:41:56",6,2527,"Murray McWilliams",1,68.51,19.17,"1","1","****1*****","ML",""
"GP228F","2022-07-23","20:42:09",6,2527,"Murray McWilliams",2,59.62,17.35,"1","1","**********","ML",""
"GP228F","2022-07-23","20:42:21",6,2527,"Murray McWilliams",3,74.15,22.73,"1","1","********1*","ML",""
"GP242F","2022-07-24","05:47:13",1,2527,"Yves Larocque",1,78.48,21.16,"1","1","******1***","ML",""
"GP242F","2022-07-24","05:47:30",1,2527,"Yves Larocque",2,74.19,22.62,"1","1","**********","ML",""
"GP242F","2022-07-24","05:47:37",1,2527,"Yves Larocque",3,70.41,20.15,"1","1","******11**","ML",""
"GP242F","2022-07-24","05:47:48",1,2527,"Yves Larocque",4,78.61,24.36,"1","1","**********","ML",""
"GP242F","2022-07-24","05:47:59",1,2527,"Yves Larocque",5,59.59,17.62,"1","1","**********","ML",""
"GP242F","2022-07-24","05:48:08",1,2527,"Yves Larocque",6,51.3,NA,"2","1","*1*1*****1","CW",""
"GP242F","2022-07-24","05:48:38",1,2521,"Yves Larocque",7,49.79,11.9,"1","1","*11*******","ML",""
"GP242F","2022-07-24","05:49:07",1,2521,"Yves Larocque",8,41.14,NA,"2","1","******1*1*","ML",""
"GP253F","2022-07-24","06:35:54",2,2521,"Yves Larocque",1,64.16,15.33,"1","1","**********","ML",""
"GP253F","2022-07-24","06:36:21",2,2527,"Yves Larocque",2,79.08,21.34,"1","1","**********","ML",""
"GP253F","2022-07-24","06:36:35",2,2527,"Yves Larocque",3,69.49,21.19,"1","1","**********","ML",""
"GP253F","2022-07-24","06:36:49",2,2527,"Yves Larocque",4,80.56,21.67,"1","1","**********","ML",""
"GP253F","2022-07-24","06:36:58",2,2527,"Yves Larocque",5,68.37,19.07,"1","1","**********","ML",""
"GP253F","2022-07-24","06:37:05",2,2527,"Yves Larocque",6,87.77,27.83,"1","1","**********","ML",""
"GP253F","2022-07-24","06:37:16",2,2527,"Yves Larocque",7,70.77,21.31,"1","1","**********","ML",""
"GP253F","2022-07-24","06:37:25",2,2527,"Yves Larocque",8,64.02,17.41,"1","1","**1*******","ML",""
"GP253F","2022-07-24","06:37:34",2,2527,"Yves Larocque",9,78.93,23.23,"1","1","**********","ML",""
"GP253F","2022-07-24","06:37:51",2,2527,"Yves Larocque",10,70.2,19.2,"1","1","**********","ML",""
"GP253F","2022-07-24","06:38:01",2,2527,"Yves Larocque",11,60.24,15.25,"1","1","**********","ML",""
"GP253F","2022-07-24","06:38:09",2,2527,"Yves Larocque",12,53.02,NA,"2","1","*******1**","ML",""
"GP253F","2022-07-24","06:38:28",2,2527,"Yves Larocque",13,45.35,NA,"2","1","*********1","ML",""
"GP253F","2022-07-24","06:38:33",2,2527,"Yves Larocque",14,37.02,NA,"2","1","*1********","ML",""
"GP253F","2022-07-24","06:38:40",2,2527,"Yves Larocque",15,45.52,NA,"2","1","***22*1**1","ML",""
"GP253F","2022-07-24","06:38:55",2,2527,"Yves Larocque",16,42.02,NA,"2","1","*1****1***","ML",""
"GP253F","2022-07-24","06:39:03",2,2527,"Yves Larocque",17,48.46,NA,"2","1","**********","ML",""
"GP253F","2022-07-24","06:39:11",2,2527,"Yves Larocque",18,47.91,NA,"2","1","**********","ML",""
"GP253F","2022-07-24","06:39:17",2,2527,"Yves Larocque",19,44.58,NA,"2","1","****1*****","ML",""
"GP253F","2022-07-24","06:39:25",2,2527,"Yves Larocque",20,42.06,NA,"2","1","*1********","ML",""
"GP253F","2022-07-24","06:39:31",2,2527,"Yves Larocque",21,15.83,NA,"2","1","*1****11**","ML",""
"GP253F","2022-07-24","06:39:44",2,2521,"Yves Larocque",22,67.6,20.01,"1","1","**********","ML",""
"GP239F","2022-07-24","07:29:47",3,2521,"Yves Larocque",1,57.93,13.68,"1","1","**********","ML",""
"GP239F","2022-07-24","07:30:25",3,2521,"Yves Larocque",2,49.02,NA,"2","1","******11**","ML",""
"GP239F","2022-07-24","07:30:36",3,2527,"Yves Larocque",3,77.39,22.26,"1","1","****1**1**","ML",""
"GP239F","2022-07-24","07:30:52",3,2527,"Yves Larocque",4,73.07,22.08,"1","1","********1*","ML",""
"GP239F","2022-07-24","07:31:02",3,2527,"Yves Larocque",5,65.5,18.91,"1","1","**********","ML",""
"GP239F","2022-07-24","07:31:12",3,2527,"Yves Larocque",6,71.02,20.32,"1","1","**********","ML",""
"GP239F","2022-07-24","07:31:20",3,2527,"Yves Larocque",7,79.38,22.98,"1","1","**********","ML",""
"GP239F","2022-07-24","07:31:28",3,2527,"Yves Larocque",8,48.78,NA,"2","1","**********","ML",""
"GP222F","2022-07-24","10:19:40",4,2521,"Yves Larocque",1,31.33,NA,"1","1","**********","CH",""
"GP222F","2022-07-24","10:19:57",4,2521,"Yves Larocque",2,36.53,NA,"2","1","**********","ML",""
"GP222F","2022-07-24","10:20:07",4,2521,"Yves Larocque",3,47.38,NA,"2","1","**********","ML",""
"GP222F","2022-07-24","10:20:16",4,2527,"Yves Larocque",4,59.51,16.65,"1","1","**********","ML",""
"GP213F","2022-07-24","11:12:07",5,2527,"Yves Larocque",1,73.65,24.86,"1","1","**********","ML",""
"GP211F","2022-07-24","13:11:15",6,2521,"Yves Larocque",1,25.61,NA,"2","1","**********","ML",""
"GP219F","2022-07-24","15:39:50",7,2521,"Yves Larocque",1,77.18,NA,"1","1","1****1****","ML","Manque pinces"
"GP219F","2022-07-24","15:40:16",7,2521,"Yves Larocque",2,53.36,12.38,"1","1","*********1","ML",""
"GP219F","2022-07-24","15:40:24",7,2521,"Yves Larocque",3,40.42,NA,"2","1","**********","ML",""
"GP219F","2022-07-24","15:40:33",7,2527,"Yves Larocque",4,72.02,20.63,"1","1","******1***","ML",""
"GP219F","2022-07-24","15:41:15",7,2527,"Yves Larocque",5,87.06,21.65,"1","1","**1*11*11*","ML",""
"GP219F","2022-07-24","15:41:36",7,2527,"Yves Larocque",6,68.93,20.13,"1","1","**********","ML",""
"GP219F","2022-07-24","15:41:45",7,2527,"Yves Larocque",7,74.42,20.75,"1","1","**********","ML",""
"GP212F","2022-07-24","17:13:18",8,2521,"Yves Larocque",1,26.38,NA,"1","1","**1*******","CH",""
"GP212F","2022-07-24","17:13:47",8,2521,"Yves Larocque",2,33.86,NA,"2","1","**********","ML",""
"GP212F","2022-07-24","17:13:56",8,2527,"Yves Larocque",3,71.17,20.99,"1","1","*1*11*****","ML",""
"GP221F","2022-07-24","18:39:20",9,2527,"Yves Larocque",1,58.08,11.1,"1","1","**********","ML",""
"GP221F","2022-07-24","18:39:42",9,2527,"Yves Larocque",2,65.63,13.59,"1","1","**1*******","ML",""
"GP221F","2022-07-24","18:39:50",9,2527,"Yves Larocque",3,64.21,14.05,"1","1","**********","ML",""
"GP221F","2022-07-24","18:39:58",9,2527,"Yves Larocque",4,62.21,12.53,"1","1","**********","ML",""
"GP221F","2022-07-24","18:40:05",9,2527,"Yves Larocque",5,73.25,19.39,"1","1","*****1*1**","ML",""
"GP221F","2022-07-24","18:40:16",9,2527,"Yves Larocque",6,63.43,13.59,"1","1","**********","ML",""
"GP221F","2022-07-24","18:40:25",9,2527,"Yves Larocque",7,70.98,19.66,"1","1","1*********","ML",""
"GP221F","2022-07-24","18:40:37",9,2527,"Yves Larocque",8,47.92,NA,"2","1","*******111","ML",""
"GP221F","2022-07-24","18:40:50",9,2527,"Yves Larocque",9,24.56,NA,"2","1","*2********","ML",""
"GP221F","2022-07-24","18:40:57",9,2521,"Yves Larocque",10,63.78,19.57,"1","1","**********","ML",""
"GP221F","2022-07-24","18:41:22",9,2521,"Yves Larocque",11,62.37,17.11,"1","1","**********","ML",""
"GP221F","2022-07-24","18:41:31",9,2521,"Yves Larocque",12,50.07,9.56,"1","1","*******1**","ML",""
"GP221F","2022-07-24","18:41:41",9,2521,"Yves Larocque",13,44.89,8.84,"1","1","**********","ML",""
"GP221F","2022-07-24","18:41:48",9,2521,"Yves Larocque",14,37.89,NA,"1","1","*********1","CH",""
"GP221F","2022-07-24","18:41:57",9,2521,"Yves Larocque",15,54.78,13.69,"1","1","**********","ML",""
"GP221F","2022-07-24","18:42:07",9,2521,"Yves Larocque",16,30.77,NA,"1","1","**********","CH",""
"GP221F","2022-07-24","18:42:15",9,2521,"Yves Larocque",17,32.55,NA,"1","1","**********","CH",""
"GP221F","2022-07-24","18:42:28",9,2521,"Yves Larocque",18,29.97,NA,"1","1","**********","CH",""
"GP221F","2022-07-24","18:42:37",9,2521,"Yves Larocque",19,46.89,9.59,"1","1","**********","ML",""
"GP221F","2022-07-24","18:42:48",9,2521,"Yves Larocque",20,24.72,NA,"1","1","**********","CH",""
"GP221F","2022-07-24","18:42:55",9,2521,"Yves Larocque",21,33.14,NA,"1","1","**********","CH",""
"GP221F","2022-07-24","18:43:03",9,2521,"Yves Larocque",22,36.22,NA,"1","1","**********","CH",""
"GP221F","2022-07-24","18:43:23",9,2521,"Yves Larocque",23,33.1,NA,"1","1","**********","CH",""
"GP221F","2022-07-24","18:43:33",9,2521,"Yves Larocque",24,38.5,NA,"2","1","**********","ML",""
"GP221F","2022-07-24","18:43:46",9,2521,"Yves Larocque",25,39.02,NA,"2","1","**********","ML",""
"GP221F","2022-07-24","18:43:50",9,2521,"Yves Larocque",26,35.38,NA,"2","1","**********","ML",""
"GP221F","2022-07-24","18:43:54",9,2521,"Yves Larocque",27,34.52,NA,"2","1","**********","ML",""
"GP221F","2022-07-24","18:43:58",9,2521,"Yves Larocque",28,35.01,NA,"2","1","*1*****1**","ML",""
"GP221F","2022-07-24","18:44:06",9,2521,"Yves Larocque",29,41.86,NA,"2","1","**********","ML",""
"GP221F","2022-07-24","18:44:09",9,2521,"Yves Larocque",30,32.73,NA,"2","1","**********","ML",""
"GP221F","2022-07-24","18:44:14",9,2521,"Yves Larocque",31,37.13,NA,"2","1","**********","ML",""
"GP221F","2022-07-24","18:44:19",9,2521,"Yves Larocque",32,39.8,NA,"2","1","***1******","ML",""
"GP221F","2022-07-24","18:44:26",9,2521,"Yves Larocque",33,28.28,NA,"2","1","11********","ML",""
"GP221F","2022-07-24","18:44:32",9,2521,"Yves Larocque",34,38.56,NA,"2","1","******1***","ML",""
"GP221F","2022-07-24","18:44:38",9,2521,"Yves Larocque",35,35.77,NA,"2","1","*****1**11","ML",""
"GP221F","2022-07-24","18:44:48",9,2521,"Yves Larocque",36,36.4,NA,"2","1","**********","ML",""
"GP221F","2022-07-24","18:44:51",9,2521,"Yves Larocque",37,26.02,NA,"2","1","**********","ML",""
"GP221F","2022-07-24","18:44:58",9,2521,"Yves Larocque",38,36.11,NA,"2","1","********1*","ML",""
"GP221F","2022-07-24","18:45:05",9,2521,"Yves Larocque",39,38.04,NA,"2","1","**********","ML",""
"GP221F","2022-07-24","18:45:08",9,2521,"Yves Larocque",40,37.71,NA,"2","1","**********","ML",""
"GP221F","2022-07-24","18:45:12",9,2521,"Yves Larocque",41,41.39,NA,"2","1","**********","ML",""
"GP221F","2022-07-24","18:45:19",9,2521,"Yves Larocque",42,39.93,NA,"2","1","**********","ML",""
"GP221F","2022-07-24","18:45:24",9,2521,"Yves Larocque",43,36.11,NA,"2","1","**********","ML",""
"GP221F","2022-07-24","18:45:29",9,2521,"Yves Larocque",44,39.82,NA,"2","1","*2********","ML",""
"GP221F","2022-07-24","18:45:35",9,2521,"Yves Larocque",45,39.11,NA,"2","1","**********","ML",""
"GP221F","2022-07-24","18:45:42",9,2521,"Yves Larocque",46,40.03,NA,"2","1","**********","ML",""
"GP221F","2022-07-24","18:45:47",9,2521,"Yves Larocque",47,35.75,NA,"2","1","**********","ML",""
"GP221F","2022-07-24","18:45:53",9,2521,"Yves Larocque",48,38.83,NA,"2","1","**********","ML",""
"GP221F","2022-07-24","18:45:58",9,2521,"Yves Larocque",49,32.88,NA,"2","1","**11**1***","ML",""
"GP221F","2022-07-24","18:46:09",9,2521,"Yves Larocque",50,36.54,NA,"2","1","*11*******","ML",""
"GP221F","2022-07-24","18:46:14",9,2521,"Yves Larocque",51,36.95,NA,"2","1","1******1**","ML",""
"GP221F","2022-07-24","18:46:21",9,2521,"Yves Larocque",52,36.88,NA,"2","1","****1*****","ML",""
"GP221F","2022-07-24","18:46:30",9,2521,"Yves Larocque",53,30.98,NA,"2","1","**********","ML",""
"GP221F","2022-07-24","18:46:32",9,2521,"Yves Larocque",54,38.57,NA,"2","1","******12**","ML",""
"GP221F","2022-07-24","18:46:41",9,2521,"Yves Larocque",55,39.41,NA,"2","1","**********","ML",""
"GP221F","2022-07-24","18:46:45",9,2521,"Yves Larocque",56,32.02,NA,"2","1","**********","ML",""
"GP221F","2022-07-24","18:46:50",9,2521,"Yves Larocque",57,31.43,NA,"2","1","*2********","ML",""
"GP232F","2022-07-24","19:11:25",10,2521,"Yves Larocque",1,80.57,23.3,"1","1","**********","ML",""
"GP232F","2022-07-24","19:11:43",10,2521,"Yves Larocque",2,61.71,17.95,"1","1","********1*","ML",""
"GP232F","2022-07-24","19:11:52",10,2521,"Yves Larocque",3,82.93,23.73,"1","1","**********","ML",""
"GP232F","2022-07-24","19:12:02",10,2527,"Yves Larocque",4,78.03,30.53,"1","1","**11******","ML",""
"GP232F","2022-07-24","19:12:22",10,2527,"Yves Larocque",5,82.53,25.17,"1","1","**********","ML",""
"GP232F","2022-07-24","19:12:28",10,2527,"Yves Larocque",6,72.77,20.13,"1","1","**********","ML",""
"GP232F","2022-07-24","19:12:37",10,2527,"Yves Larocque",7,70.01,20.28,"1","1","**********","ML",""
"GP232F","2022-07-24","19:12:43",10,2527,"Yves Larocque",8,78.67,22.31,"1","1","**********","ML",""
"GP232F","2022-07-24","19:12:53",10,2527,"Yves Larocque",9,80.61,22.52,"1","1","********1*","ML",""
"GP232F","2022-07-24","19:13:02",10,2527,"Yves Larocque",10,73.38,20.78,"1","1","*********1","ML",""
"GP232F","2022-07-24","19:13:09",10,2527,"Yves Larocque",11,64.2,19.43,"1","1","******1***","ML",""
"GP232F","2022-07-24","19:13:18",10,2527,"Yves Larocque",12,77.96,23.07,"1","1","******11*1","ML",""
"GP265F","2022-07-29","14:43:19",1,2527,"Murray McWilliams",1,40.54,9.35,"1","1","**********","ML",""
"GP265F","2022-07-29","14:43:55",1,2527,"Murray McWilliams",2,77.26,23.39,"1","1","11********","ML",""
"GP265F","2022-07-29","14:44:10",1,2527,"Murray McWilliams",3,64.83,19.41,"1","1","**********","ML",""
"GP234FR1","2022-07-29","17:17:14",2,2527,"Murray McWilliams",1,37.43,NA,"1","1","**11****1*","CH",""
"GP234FR1","2022-07-29","17:17:57",2,2521,"Murray McWilliams",2,81.2,20.42,"1","1","**********","CW",""
"GP226FR2","2022-07-29","21:18:26",3,2521,"Murray McWilliams",1,40.87,8.87,"1","1","**********","ML",""
"GP226FR2","2022-07-29","21:18:56",3,2521,"Murray McWilliams",2,31.5,NA,"1","1","**********","CH",""
"GP226FR2","2022-07-29","21:19:05",3,2521,"Murray McWilliams",3,46.79,10.72,"1","1","**********","ML",""
"GP226FR2","2022-07-29","21:19:20",3,2527,"Murray McWilliams",4,46.49,11.74,"1","1","*2*11*121*","ML",""
"GP226FR2","2022-07-29","21:19:48",3,2527,"Murray McWilliams",5,45.44,10.57,"1","1","***1*1**1*","ML",""
"GP233F","2022-07-30","06:25:03",1,2527,"Yves Larocque",1,70.54,22.8,"1","1","**********","ML",""
"GP233F","2022-07-30","06:25:17",1,2527,"Yves Larocque",2,25.93,NA,"2","1","*1********","ML",""
"GP233F","2022-07-30","06:25:26",1,2521,"Yves Larocque",3,40.88,NA,"2","1","*2******1*","ML",""
"GP220F","2022-07-30","07:32:27",2,2527,"Yves Larocque",1,61.77,15.08,"1","1","**********","ML",""
"GP220F","2022-07-30","07:32:50",2,2527,"Yves Larocque",2,74.39,21.11,"1","1","**********","ML",""
"GP220F","2022-07-30","07:32:59",2,2521,"Yves Larocque",3,49.03,11.66,"1","1","**********","ML",""
"GP220F","2022-07-30","07:33:45",2,2521,"Yves Larocque",4,67.44,18.13,"1","1","********1*","ML",""
"GP220F","2022-07-30","07:33:55",2,2521,"Yves Larocque",5,38.09,NA,"2","1","**********","ML",""
"GP220F","2022-07-30","07:34:02",2,2521,"Yves Larocque",6,32.13,NA,"2","1","**********","ML",""
"GP220F","2022-07-30","07:34:07",2,2521,"Yves Larocque",7,34.05,NA,"2","1","**2*****11","ML",""
"GP220F","2022-07-30","07:34:21",2,2521,"Yves Larocque",8,34.68,NA,"2","1","****1*****","ML",""
"GP220F","2022-07-30","07:34:26",2,2521,"Yves Larocque",9,31.54,NA,"2","1","******2***","ML",""
"GP220F","2022-07-30","07:34:35",2,2521,"Yves Larocque",10,28.71,NA,"2","1","**********","ML",""
"GP214F","2022-07-30","08:43:27",3,2527,"Yves Larocque",1,80.87,25.05,"1","1","*1****1***","ML",""
"GP214F","2022-07-30","08:43:50",3,2527,"Yves Larocque",2,74.04,21.24,"1","1","**********","ML",""
"GP214F","2022-07-30","08:43:59",3,2527,"Yves Larocque",3,69.44,19.51,"1","1","**********","ML",""
"GP192F","2022-07-30","09:52:55",4,2527,"Yves Larocque",1,74.34,20.61,"1","1","1**11*1***","ML",""
"GP192F","2022-07-30","09:54:14",4,2527,"Yves Larocque",2,38.76,NA,"1","1","**********","CH",""
"GP192F","2022-07-30","09:54:21",4,2527,"Yves Larocque",3,63.75,18.84,"1","1","**********","ML",""
"GP192F","2022-07-30","09:54:33",4,2527,"Yves Larocque",4,73.62,19.89,"1","1","***1******","ML",""
"GP192F","2022-07-30","09:54:43",4,2527,"Yves Larocque",5,73.88,21.8,"1","1","*1******1*","ML",""
"GP192F","2022-07-30","09:54:57",4,2527,"Yves Larocque",6,48.39,NA,"2","1","**********","ML",""
"GP192F","2022-07-30","09:55:09",4,2521,"Yves Larocque",7,39.48,NA,"1","1","******1**1","CH",""
"GP192F","2022-07-30","09:55:27",4,2521,"Yves Larocque",8,45.69,NA,"2","1","*1**1*1**1","ML",""
"GP192F","2022-07-30","09:55:43",4,2521,"Yves Larocque",9,40.6,NA,"2","1","******1**1","ML",""
"GP192F","2022-07-30","09:55:56",4,2521,"Yves Larocque",10,34.03,NA,"2","1","*1*111*1**","ML",""
"GP192F","2022-07-30","09:56:04",4,2521,"Yves Larocque",11,39.57,NA,"2","1","****1*****","ML",""
"GP192F","2022-07-30","09:56:09",4,2521,"Yves Larocque",12,36.76,NA,"2","1","*******1**","ML",""
"GP192F","2022-07-30","09:56:16",4,2521,"Yves Larocque",13,35.1,NA,"2","1","*1********","ML",""
"GP189FR2","2022-07-30","13:18:28",5,2527,"Yves Larocque",1,73.33,18.57,"1","1","*****1****","ML",""
"GP189FR2","2022-07-30","13:18:54",5,2527,"Yves Larocque",2,70.9,19.41,"1","1","**********","ML",""
"GP189FR2","2022-07-30","13:19:01",5,2527,"Yves Larocque",3,58.85,12.58,"1","1","*1********","ML",""
"GP189FR2","2022-07-30","13:19:16",5,2527,"Yves Larocque",4,61.85,16.92,"1","1","***1*11***","ML",""
"GP189FR2","2022-07-30","13:19:29",5,2527,"Yves Larocque",5,60.02,14.74,"1","1","**********","ML",""
"GP189FR2","2022-07-30","13:19:37",5,2527,"Yves Larocque",6,75.39,20.1,"1","1","*1***1****","ML",""
"GP189FR2","2022-07-30","13:19:48",5,2527,"Yves Larocque",7,52.76,11.91,"1","1","**********","ML",""
"GP197F","2022-07-30","14:31:49",6,2527,"Yves Larocque",1,68.6,18.77,"1","1","**11******","ML",""
"GP197F","2022-07-30","14:32:08",6,2527,"Yves Larocque",2,78.12,24.11,"1","1","*****1****","ML",""
"GP197F","2022-07-30","14:32:21",6,2521,"Yves Larocque",3,73.28,20.39,"1","1","**********","ML",""
"GP197F","2022-07-30","14:32:35",6,2521,"Yves Larocque",4,71.18,20.82,"1","1","****1****1","ML",""
"GP197F","2022-07-30","14:32:48",6,2521,"Yves Larocque",5,60.81,15.83,"1","1","*******11*","ML",""
"GP197F","2022-07-30","14:33:01",6,2521,"Yves Larocque",6,52.31,12.87,"1","1","**********","ML",""
"GP197F","2022-07-30","14:33:11",6,2521,"Yves Larocque",7,49.28,NA,"2","1","**********","ML",""
"GP197F","2022-07-30","14:33:18",6,2521,"Yves Larocque",8,49.18,NA,"2","1","********1*","ML",""
"GP202FR1","2022-07-30","17:53:37",7,2527,"Yves Larocque",1,68.83,19.94,"1","1","**********","ML",""
"GP202FR1","2022-07-30","17:53:54",7,2521,"Yves Larocque",2,57.3,13.35,"1","1","**********","ML",""
"GP202FR1","2022-07-30","17:54:07",7,2521,"Yves Larocque",3,70.3,20.46,"1","1","*1********","ML",""
"GP202FR1","2022-07-30","17:54:16",7,2521,"Yves Larocque",4,75.64,21.54,"1","1","*1********","ML",""
"GP202FR1","2022-07-30","17:54:26",7,2521,"Yves Larocque",5,61.2,15.68,"1","1","1*******1*","ML",""
"GP202FR1","2022-07-30","17:54:35",7,2521,"Yves Larocque",6,45.28,10.06,"1","1","**********","ML",""
"GP202FR1","2022-07-30","17:54:44",7,2521,"Yves Larocque",7,26.03,NA,"1","1","**********","CH",""
"GP202FR1","2022-07-30","17:54:54",7,2521,"Yves Larocque",8,40.51,NA,"2","1","**********","ML",""
"GP202FR1","2022-07-30","17:55:04",7,2521,"Yves Larocque",9,38.84,NA,"2","1","**********","ML",""
"GP202FR1","2022-07-30","17:55:09",7,2521,"Yves Larocque",10,29.92,NA,"2","1","**********","ML",""
"GP202FR1","2022-07-30","17:55:14",7,2521,"Yves Larocque",11,32.09,NA,"2","1","**********","ML",""
"GP202FR1","2022-07-30","17:55:19",7,2521,"Yves Larocque",12,33.09,NA,"2","1","**********","ML",""
"GP206F","2022-07-30","18:51:49",8,2527,"Yves Larocque",1,79.15,21.58,"1","1","**1*******","ML",""
"GP206F","2022-07-30","18:52:36",8,2527,"Yves Larocque",2,77.7,20.25,"1","1","********1*","ML",""
"GP206F","2022-07-30","18:52:50",8,2521,"Yves Larocque",3,67.11,19.58,"1","1","**********","ML",""
"GP206F","2022-07-30","18:53:09",8,2521,"Yves Larocque",4,67.5,19.59,"1","1","1*1*******","ML",""
"GP206F","2022-07-30","18:53:23",8,2521,"Yves Larocque",5,74.97,20.24,"1","1","**********","ML",""
"GP206F","2022-07-30","18:53:37",8,2521,"Yves Larocque",6,33.46,NA,"1","1","**********","CH",""
"GP206F","2022-07-30","18:53:43",8,2521,"Yves Larocque",7,35.23,NA,"1","1","**********","CH",""
"GP206F","2022-07-30","18:53:50",8,2521,"Yves Larocque",8,32.09,NA,"1","1","**********","CH",""
"GP206F","2022-07-30","18:54:02",8,2521,"Yves Larocque",9,35.86,NA,"1","1","11********","ML",""
"GP206F","2022-07-30","18:54:10",8,2521,"Yves Larocque",10,20.08,NA,"1","1","*1********","CH",""
"GP206F","2022-07-30","18:54:28",8,2521,"Yves Larocque",11,25.97,NA,"1","1","**********","CH",""
"GP206F","2022-07-30","18:54:40",8,2521,"Yves Larocque",12,30.5,NA,"1","1","******11**","CH",""
"GP206F","2022-07-30","18:54:54",8,2521,"Yves Larocque",13,15.58,NA,"1","1","**********","CH",""
"GP206F","2022-07-30","18:55:06",8,2521,"Yves Larocque",14,41.06,8.29,"1","1","**********","ML",""
"GP206F","2022-07-30","18:55:41",8,2521,"Yves Larocque",15,37.42,NA,"2","1","**********","ML",""
"GP206F","2022-07-30","18:55:51",8,2521,"Yves Larocque",16,31.52,NA,"2","1","**********","ML",""
"GP206F","2022-07-30","18:55:56",8,2521,"Yves Larocque",17,26.96,NA,"2","1","**********","ML",""
"GP170F","2022-07-31","10:26:58",1,2521,"Murray McWilliams",1,68.09,20.98,"1","1","******1***","ML",""
"GP174FR1","2022-07-31","12:06:31",2,2521,"Murray McWilliams",1,76.02,NA,"1","1","1****1****","ML","Manque pinces"
"GP174FR1","2022-07-31","12:08:17",2,2521,"Murray McWilliams",2,27.44,NA,"2","1","**********","ML",""
"GP174FR1","2022-07-31","12:08:29",2,2527,"Murray McWilliams",3,70.47,18.81,"1","1","**1*******","ML",""
"GP162F","2022-07-31","13:28:03",3,2527,"Murray McWilliams",1,77.85,21.55,"1","1","**********","ML",""
"GP154F","2022-07-31","15:09:10",4,2521,"Murray McWilliams",1,64.9,17.15,"1","1","1*********","ML",""
"GP154F","2022-07-31","15:10:00",4,2521,"Murray McWilliams",2,26.29,NA,"1","1","**********","CH",""
"GP154F","2022-07-31","15:10:10",4,2521,"Murray McWilliams",3,34.47,NA,"1","1","**********","CH",""
"GP154F","2022-07-31","15:10:17",4,2521,"Murray McWilliams",4,19.86,NA,"1","1","*11*******","CH",""
"GP154F","2022-07-31","15:10:38",4,2521,"Murray McWilliams",5,18.54,NA,"1","1","**********","CH",""
"GP154F","2022-07-31","15:10:51",4,2521,"Murray McWilliams",6,10.51,NA,"1","1","**********","CH",""
"GP154F","2022-07-31","15:11:23",4,2521,"Murray McWilliams",7,48.06,NA,"2","1","***11111**","ML",""
"GP154F","2022-07-31","15:11:37",4,2521,"Murray McWilliams",8,30.18,NA,"2","1","**********","ML",""
"GP154F","2022-07-31","15:11:44",4,2521,"Murray McWilliams",9,15.85,NA,"2","1","**********","ML",""
"GP133F","2022-07-31","15:58:25",5,2527,"Murray McWilliams",1,89.16,26.05,"1","1","*****1****","ML",""
"GP133F","2022-07-31","15:59:01",5,2527,"Murray McWilliams",2,73.52,19.83,"1","1","**********","ML",""
"GP133F","2022-07-31","15:59:14",5,2521,"Murray McWilliams",3,8.5,NA,"1","1","**********","CH",""
"GP141F","2022-07-31","16:56:06",6,2527,"Murray McWilliams",1,61.27,16.11,"1","1","**********","ML",""
"GP141F","2022-07-31","16:56:30",6,2521,"Murray McWilliams",2,19.87,NA,"1","1","*****1****","CH",""
"GP141F","2022-07-31","16:56:49",6,2521,"Murray McWilliams",3,23.57,NA,"2","1","**********","ML",""
"GP128FR1","2022-07-31","19:01:36",7,2527,"Murray McWilliams",1,69.45,18.52,"1","1","**********","ML",""
"GP128FR1","2022-07-31","19:01:56",7,2527,"Murray McWilliams",2,79.83,19.88,"1","1","***1******","ML",""
"GP128FR1","2022-07-31","19:02:06",7,2527,"Murray McWilliams",3,88.19,25.17,"1","1","******1***","ML",""
"GP099F","2022-07-31","20:42:01",8,2521,"Murray McWilliams",1,62.92,17.18,"1","1","*****111**","ML",""
"GP099F","2022-07-31","20:42:24",8,2521,"Murray McWilliams",2,46.25,NA,"2","1","*1********","ML",""
"GP077F","2022-08-01","08:18:07",1,2527,"Murray McWilliams",1,54.55,13.85,"1","1","*12***2***","ML",""
"GP113F","2022-08-01","12:04:49",2,2521,"Yves Larocque",1,47.49,11.64,"1","1","*******1**","ML",""
"GP113F","2022-08-01","12:05:07",2,2521,"Yves Larocque",2,25.7,NA,"2","1","**********","ML",""
"GP127F","2022-08-01","13:05:52",3,2521,"Yves Larocque",1,51.97,14.24,"1","1","*********1","ML",""
"GP127F","2022-08-01","13:06:09",3,2521,"Yves Larocque",2,34.87,NA,"2","1","**********","ML",""
"GP127F","2022-08-01","13:06:17",3,2521,"Yves Larocque",3,22.92,NA,"2","1","**********","ML",""
"GP123F","2022-08-01","14:00:48",4,2521,"Yves Larocque",1,19.49,NA,"1","1","**********","CH",""
"GP147F","2022-08-01","14:58:45",5,2521,"Yves Larocque",1,62.67,17.44,"1","1","**********","ML",""
"GP147F","2022-08-01","14:59:00",5,2521,"Yves Larocque",2,34.35,NA,"2","1","**********","ML",""
"GP147F","2022-08-01","14:59:10",5,2521,"Yves Larocque",3,29.11,NA,"2","1","******11**","ML",""
"GP147F","2022-08-01","14:59:20",5,2521,"Yves Larocque",4,29.56,NA,"2","1","**********","ML",""
"GP149F","2022-08-01","15:50:01",6,2521,"Yves Larocque",1,37.29,NA,"2","1","**********","ML",""
"GP158F","2022-08-01","16:49:10",7,2521,"Yves Larocque",1,16.63,NA,"1","1","**********","CH",""
"GP158F","2022-08-01","16:49:37",7,2521,"Yves Larocque",2,35.14,NA,"2","1","**********","ML",""
"GP176F","2022-08-01","18:00:20",8,2521,"Yves Larocque",1,53.88,12.2,"1","1","**********","ML",""
"GP176F","2022-08-01","18:00:37",8,2521,"Yves Larocque",2,35.58,NA,"2","1","**********","ML",""
"GP179F","2022-08-01","19:02:03",9,2521,"Yves Larocque",1,33.49,NA,"1","1","**********","CH",""
"GP163F","2022-08-02","06:32:12",1,2521,"Murray McWilliams",1,24.4,NA,"2","1","**********","ML",""
"GP163F","2022-08-02","06:32:46",1,2521,"Murray McWilliams",2,24.38,NA,"2","1","**********","ML",""
"GP163F","2022-08-02","06:32:51",1,2521,"Murray McWilliams",3,32.41,NA,"2","1","**********","ML",""
"GP164F","2022-08-02","07:43:32",2,2521,"Murray McWilliams",1,27.62,NA,"1","1","**********","CH",""
"GP164F","2022-08-02","07:43:53",2,2521,"Murray McWilliams",2,37.57,NA,"2","1","*********1","ML",""
"GP164F","2022-08-02","07:44:00",2,2521,"Murray McWilliams",3,29.15,NA,"2","1","**********","ML",""
"GP164F","2022-08-02","07:44:05",2,2521,"Murray McWilliams",4,27.04,NA,"2","1","**********","ML",""
"GP151F","2022-08-02","08:43:21",3,2521,"Murray McWilliams",1,27.46,NA,"1","1","**********","CH",""
"GP151F","2022-08-02","08:44:39",3,2521,"Murray McWilliams",2,62.57,18.8,"1","1","*****1****","ML",""
"GP151F","2022-08-02","08:44:56",3,2521,"Murray McWilliams",3,64.45,19.42,"1","1","****1*****","ML",""
"GP151F","2022-08-02","08:45:11",3,2521,"Murray McWilliams",4,38.51,NA,"2","1","11111*****","ML",""
"GP151F","2022-08-02","08:45:26",3,2521,"Murray McWilliams",5,24.52,NA,"2","1","**1*******","ML",""
"GP150FR1","2022-08-02","11:16:16",4,2521,"Murray McWilliams",1,62.2,17.72,"1","1","**********","ML",""
"GP150FR1","2022-08-02","11:16:37",4,2521,"Murray McWilliams",2,67.13,17.98,"1","1","11********","ML",""
"GP106F","2022-08-02","13:56:46",5,2527,"Murray McWilliams",1,60.13,14.22,"1","1","***1***1**","ML",""
"GP105FR1","2022-08-02","17:03:55",6,2521,"Murray McWilliams",1,33,NA,"1","1","**********","CH",""
"GP105FR1","2022-08-02","17:04:21",6,2521,"Murray McWilliams",2,30.72,NA,"2","1","*1********","ML",""
"GP105FR1","2022-08-02","17:04:34",6,2521,"Murray McWilliams",3,14.16,NA,"2","1","**********","ML",""
"GP088F","2022-08-02","19:24:13",7,2527,"Murray McWilliams",1,84.81,22.59,"1","1","**********","ML",""
"GP088F","2022-08-02","19:25:58",7,2521,"Murray McWilliams",2,18.21,NA,"2","1","**********","ML",""
"GP068F","2022-08-02","20:28:38",8,2521,"Murray McWilliams",1,66.43,19.59,"1","1","**********","ML",""
"GP049F","2022-08-03","06:05:50",1,2527,"Yves Larocque",1,70.94,20.18,"1","1","*********1","ML",""
"GP049F","2022-08-03","06:06:14",1,2527,"Yves Larocque",2,65.61,17.44,"1","1","**********","ML",""
"GP049F","2022-08-03","06:06:27",1,2527,"Yves Larocque",3,72.01,20.46,"1","1","**********","ML",""
"GP049F","2022-08-03","06:06:43",1,2527,"Yves Larocque",4,60.47,17.96,"1","1","*****1***1","ML",""
"GP049F","2022-08-03","06:06:56",1,2527,"Yves Larocque",5,54.17,13.32,"1","1","**********","ML",""
"GP049F","2022-08-03","06:07:04",1,2527,"Yves Larocque",6,43.5,NA,"2","1","**********","ML",""
"GP049F","2022-08-03","06:07:10",1,2527,"Yves Larocque",7,43.44,NA,"2","1","*2*******1","ML",""
"GP049F","2022-08-03","06:07:17",1,2527,"Yves Larocque",8,45.71,NA,"2","1","**1**1****","ML",""
"GP061F","2022-08-03","07:17:44",2,2527,"Yves Larocque",1,67.11,18.71,"1","1","**********","ML",""
"GP061F","2022-08-03","07:18:01",2,2527,"Yves Larocque",2,40.02,9.4,"1","1","******2***","ML",""
"GP061F","2022-08-03","07:18:20",2,2527,"Yves Larocque",3,30.34,NA,"1","1","**********","CH",""
"GP061F","2022-08-03","07:18:26",2,2521,"Yves Larocque",4,45.17,NA,"2","1","**********","ML",""
"GP076FR1","2022-08-03","09:16:42",3,2521,"Yves Larocque",1,19.73,NA,"2","1","**********","ML",""
"GP046F","2022-08-03","10:55:05",4,2521,"Yves Larocque",1,55.53,14.13,"1","1","**********","ML",""
"GP046F","2022-08-03","10:55:26",4,2521,"Yves Larocque",2,52.2,12.65,"1","1","**********","ML",""
"GP046F","2022-08-03","10:55:32",4,2521,"Yves Larocque",3,54.36,13,"1","1","**********","ML",""
"GP046F","2022-08-03","10:55:38",4,2521,"Yves Larocque",4,52.41,13.44,"1","1","**********","ML",""
"GP046F","2022-08-03","10:55:44",4,2521,"Yves Larocque",5,63.61,16.91,"1","1","**********","ML",""
"GP046F","2022-08-03","10:55:52",4,2521,"Yves Larocque",6,45.47,10.58,"1","1","*1********","ML",""
"GP046F","2022-08-03","10:56:06",4,2521,"Yves Larocque",7,30.62,NA,"1","1","**********","CH",""
"GP046F","2022-08-03","10:56:10",4,2521,"Yves Larocque",8,30.22,NA,"2","1","**********","ML",""
"GP046F","2022-08-03","10:56:21",4,2521,"Yves Larocque",9,32.64,NA,"2","1","***11**11*","ML",""
"GP046F","2022-08-03","10:56:30",4,2521,"Yves Larocque",10,43.34,NA,"2","1","*111***1**","ML",""
"GP046F","2022-08-03","10:56:37",4,2521,"Yves Larocque",11,38.79,NA,"2","1","**********","ML",""
"GP046F","2022-08-03","10:56:42",4,2521,"Yves Larocque",12,25.69,NA,"2","1","****1**1*1","ML",""
"GP046F","2022-08-03","10:56:54",4,2521,"Yves Larocque",13,34.12,NA,"2","1","**********","ML",""
"GP046F","2022-08-03","10:57:01",4,2521,"Yves Larocque",14,30.84,NA,"2","1","**1*******","ML",""
"GP046F","2022-08-03","10:57:14",4,2527,"Yves Larocque",15,57.9,14.25,"1","1","1*********","ML",""
"GP046F","2022-08-03","10:57:39",4,2527,"Yves Larocque",16,83.02,24.82,"1","1","**********","ML",""
"GP046F","2022-08-03","10:57:48",4,2527,"Yves Larocque",17,60.97,17,"1","1","*****11*11","ML",""
"GP046F","2022-08-03","10:58:03",4,2527,"Yves Larocque",18,55.33,14.63,"1","1","*1****11*1","ML",""
"GP046F","2022-08-03","10:58:19",4,2527,"Yves Larocque",19,35.56,NA,"2","1","**********","ML",""
"GP048F","2022-08-03","12:42:00",5,2527,"Yves Larocque",1,68.34,18.25,"1","1","*1***1***1","ML",""
"GP067F","2022-08-03","13:36:15",6,2521,"Yves Larocque",1,24.75,NA,"1","1","**********","CH",""
"GP066F","2022-08-03","15:09:59",7,2521,"Yves Larocque",1,27.45,NA,"2","1","******1***","ML",""
"GP050F","2022-08-03","15:56:38",8,2527,"Yves Larocque",1,86.93,25.25,"1","1","**********","ML",""
"GP050F","2022-08-03","15:56:57",8,2521,"Yves Larocque",2,71.07,22.07,"1","1","11********","ML",""
"GP050F","2022-08-03","15:57:08",8,2521,"Yves Larocque",3,75.42,23.15,"1","1","111*******","ML",""
"GP050F","2022-08-03","15:57:18",8,2521,"Yves Larocque",4,69.46,20.35,"1","1","**********","ML",""
"GP050F","2022-08-03","15:57:25",8,2521,"Yves Larocque",5,62.11,18.69,"1","1","**********","ML",""
"GP050F","2022-08-03","15:57:31",8,2521,"Yves Larocque",6,16.83,NA,"2","1","**********","ML",""
"GP050F","2022-08-03","15:57:41",8,2521,"Yves Larocque",7,21.77,NA,"2","1","**********","ML",""
"GP032F","2022-08-03","16:39:26",9,2521,"Yves Larocque",1,55.87,13.57,"1","1","**********","ML",""
"GP032F","2022-08-03","16:40:37",9,2521,"Yves Larocque",2,61.72,17.88,"1","1","**1*******","ML",""
"GP032F","2022-08-03","16:40:49",9,2527,"Yves Larocque",3,73.5,20.32,"1","1","*******1**","ML",""
"GP032F","2022-08-03","16:41:04",9,2527,"Yves Larocque",4,69.48,19.12,"1","1","**********","ML",""
"GP032F","2022-08-03","16:41:16",9,2527,"Yves Larocque",5,80.62,21.58,"1","1","*****1****","ML",""
"GP032F","2022-08-03","16:41:25",9,2527,"Yves Larocque",6,35.51,NA,"1","1","**********","CH",""
"GP032F","2022-08-03","16:41:34",9,2527,"Yves Larocque",7,55.7,NA,"2","1","**********","ML",""
"GP032F","2022-08-03","16:41:45",9,2527,"Yves Larocque",8,48.69,NA,"2","1","**********","ML",""
"GP032F","2022-08-03","16:41:50",9,2527,"Yves Larocque",9,52.45,NA,"2","1","**********","ML",""
"GP032F","2022-08-03","16:41:55",9,2521,"Yves Larocque",10,52.8,NA,"2","1","******1***","CW",""
"GP044F","2022-08-03","17:58:45",10,2521,"Yves Larocque",1,16.02,NA,"1","1","**********","CH",""
"GP044F","2022-08-03","17:59:04",10,2527,"Yves Larocque",2,79.23,22.78,"1","1","**********","ML",""
"GP044F","2022-08-03","17:59:18",10,2527,"Yves Larocque",3,40.1,NA,"2","1","*11*******","ML",""
"GP025F","2022-08-03","19:35:45",11,2521,"Yves Larocque",1,27.47,NA,"2","1","**********","ML",""
"GP024F","2022-08-04","07:18:08",1,2527,"Murray McWilliams",1,64.21,16.4,"1","1","******1***","ML",""
"GP031F","2022-08-04","21:27:06",2,2521,"Murray McWilliams",1,25.94,NA,"1","1","**********","CW",""
"GP031F","2022-08-04","21:27:26",2,2527,"Murray McWilliams",2,40.09,9.57,"1","1","*******1**","ML",""
"GP031F","2022-08-04","21:27:46",2,2527,"Murray McWilliams",3,74,19.85,"1","1","****1*****","ML",""
"GP031F","2022-08-04","21:27:57",2,2527,"Murray McWilliams",4,83.48,26.42,"1","1","**1******1","ML",""
"GP031F","2022-08-04","21:28:09",2,2527,"Murray McWilliams",5,82.17,25.08,"1","1","**1*******","ML",""
"GP041FR1","2022-08-05","07:53:31",1,2527,"Yves Larocque",1,77.52,23.71,"1","1","**********","ML",""
"GP041FR1","2022-08-05","07:53:55",1,2527,"Yves Larocque",2,88.32,25.66,"1","1","****1****1","ML",""
"GP041FR1","2022-08-05","07:54:10",1,2527,"Yves Larocque",3,55,12.75,"1","1","**********","ML",""
"GP041FR1","2022-08-05","07:54:18",1,2527,"Yves Larocque",4,56.89,10.81,"1","1","*1*******1","ML",""
"GP039F","2022-08-05","09:04:15",2,2521,"Yves Larocque",1,40.53,9.59,"1","1","**********","ML",""
"GP039F","2022-08-05","09:05:21",2,2521,"Yves Larocque",2,59.55,NA,"1","1","122**111**","ML",""
"GP039F","2022-08-05","09:05:37",2,2521,"Yves Larocque",3,44.84,10.37,"1","1","**********","ML",""
"GP039F","2022-08-05","09:05:47",2,2521,"Yves Larocque",4,18.48,NA,"1","1","**********","CH",""
"GP039F","2022-08-05","09:05:57",2,2521,"Yves Larocque",5,41.43,NA,"2","1","**********","ML",""
"GP039F","2022-08-05","09:06:06",2,2521,"Yves Larocque",6,45.7,NA,"2","1","*1********","ML",""
"GP039F","2022-08-05","09:06:13",2,2521,"Yves Larocque",7,42.59,NA,"2","1","*******1**","ML",""
"GP039F","2022-08-05","09:06:19",2,2521,"Yves Larocque",8,24.56,NA,"2","1","**********","ML",""
"GP039F","2022-08-05","09:06:24",2,2521,"Yves Larocque",9,29.59,NA,"2","1","**********","ML",""
"GP039F","2022-08-05","09:06:29",2,2521,"Yves Larocque",10,23.76,NA,"2","1","**********","ML",""
"GP039F","2022-08-05","09:06:36",2,2521,"Yves Larocque",11,27.6,NA,"2","1","**********","ML",""
"GP039F","2022-08-05","09:06:43",2,2521,"Yves Larocque",12,11.67,NA,"2","1","**********","ML",""
"GP069F","2022-08-05","15:58:52",3,2521,"Yves Larocque",1,42.03,10.26,"1","1","**********","ML",""
"GP001F","2022-08-06","06:19:48",1,2521,"Murray McWilliams",1,31.87,NA,"1","1","**********","CH",""
"GP003F","2022-08-06","07:37:51",2,2521,"Murray McWilliams",1,33.72,NA,"2","1","***1******","ML",""
"GP003F","2022-08-06","07:38:05",2,2521,"Murray McWilliams",2,26.46,NA,"2","1","***1******","ML",""
"GP004F","2022-08-10","08:43:53",1,2521,"Yves Larocque",1,27.53,NA,"1","1","**********","CH",""
"GP004F","2022-08-10","08:44:12",1,2521,"Yves Larocque",2,26.04,NA,"1","1","**********","CH",""
"GP004F","2022-08-10","08:44:16",1,2521,"Yves Larocque",3,24.34,NA,"1","1","**********","CH",""
"GP004F","2022-08-10","08:44:21",1,2521,"Yves Larocque",4,22.5,NA,"2","1","**1******1","ML",""
"GP005F","2022-08-10","12:10:03",2,2521,"Yves Larocque",1,20.35,NA,"1","1","**********","CH",""
"GP005F","2022-08-10","12:10:33",2,2527,"Yves Larocque",2,20.35,NA,"1","1","**********","CH",""
"GP005F","2022-08-10","12:10:44",2,2527,"Yves Larocque",3,32.62,NA,"2","1","**********","ML",""
"GP005F","2022-08-10","12:10:57",2,2527,"Yves Larocque",4,41.32,NA,"2","1","11*******1","ML",""
"GP007F","2022-08-10","13:33:00",3,2521,"Yves Larocque",1,73.52,23.2,"1","1","*********1","ML",""
"GP007F","2022-08-10","13:33:22",3,2521,"Yves Larocque",2,74.4,22.04,"1","1","**********","ML",""
"GP007F","2022-08-10","13:33:29",3,2521,"Yves Larocque",3,46.29,12.39,"1","1","*1********","ML",""
"GP007F","2022-08-10","13:33:39",3,2521,"Yves Larocque",4,35.45,NA,"1","1","**********","CH",""
"GP007F","2022-08-10","13:33:50",3,2521,"Yves Larocque",5,28.02,NA,"1","1","**********","CH",""
"GP007F","2022-08-10","13:33:56",3,2521,"Yves Larocque",6,20.12,NA,"1","1","**********","CH",""
"GP007F","2022-08-10","13:34:04",3,2521,"Yves Larocque",7,11.27,NA,"1","1","**********","CH",""
"GP007F","2022-08-10","13:34:20",3,2521,"Yves Larocque",8,31.06,NA,"2","1","**********","ML",""
"GP007F","2022-08-10","13:34:26",3,2521,"Yves Larocque",9,34.77,NA,"2","1","******1***","ML",""
"GP007F","2022-08-10","13:34:33",3,2521,"Yves Larocque",10,35.3,NA,"2","1","**********","ML",""
"GP007F","2022-08-10","13:34:37",3,2521,"Yves Larocque",11,41.82,NA,"2","1","**********","ML",""
"GP007F","2022-08-10","13:34:41",3,2521,"Yves Larocque",12,33.23,NA,"2","1","**********","ML",""
"GP007F","2022-08-10","13:34:47",3,2521,"Yves Larocque",13,28.84,NA,"2","1","**********","ML",""
"GP007F","2022-08-10","13:34:51",3,2521,"Yves Larocque",14,32.3,NA,"2","1","**********","ML",""
"GP007F","2022-08-10","13:34:55",3,2521,"Yves Larocque",15,27.1,NA,"2","1","**********","ML",""
"GP007F","2022-08-10","13:35:00",3,2521,"Yves Larocque",16,24.52,NA,"2","1","**********","ML",""
"GP009F","2022-08-10","15:22:30",4,2521,"Yves Larocque",1,22.76,NA,"2","1","*******1**","ML",""
"GP010F","2022-08-10","17:37:22",5,2527,"Yves Larocque",1,76.1,19.97,"1","1","*1*******1","ML",""
"GP010F","2022-08-10","17:37:39",5,2527,"Yves Larocque",2,45.8,10.03,"1","1","11*1*****1","ML",""
"GP010F","2022-08-10","17:37:52",5,2521,"Yves Larocque",3,30.76,NA,"1","1","**********","CH",""
"GP010F","2022-08-10","17:38:14",5,2521,"Yves Larocque",4,37.55,NA,"1","1","**********","CH",""
"GP010F","2022-08-10","17:38:19",5,2521,"Yves Larocque",5,37.01,NA,"1","1","**********","CH",""
"GP010F","2022-08-10","17:38:34",5,2521,"Yves Larocque",6,36.38,NA,"1","1","**********","CH",""
"GP010F","2022-08-10","17:38:40",5,2521,"Yves Larocque",7,41.49,8.93,"1","1","**********","ML",""
"GP010F","2022-08-10","17:38:48",5,2521,"Yves Larocque",8,40.33,9.26,"1","1","**********","ML",""
"GP010F","2022-08-10","17:38:58",5,2521,"Yves Larocque",9,35.29,NA,"1","1","******11**","CH",""
"GP010F","2022-08-10","17:39:06",5,2521,"Yves Larocque",10,27.99,NA,"1","1","**********","CH",""
"GP010F","2022-08-10","17:39:12",5,2521,"Yves Larocque",11,30.45,NA,"1","1","**********","CH",""
"GP010F","2022-08-10","17:39:17",5,2521,"Yves Larocque",12,25.11,NA,"1","1","**********","CH",""
"GP010F","2022-08-10","17:39:27",5,2521,"Yves Larocque",13,24.41,NA,"1","1","**********","CH",""
"GP010F","2022-08-10","17:39:31",5,2521,"Yves Larocque",14,24.19,NA,"1","1","**********","CH",""
"GP010F","2022-08-10","17:39:42",5,2521,"Yves Larocque",15,33.23,NA,"1","1","*1********","CH",""
"GP010F","2022-08-10","17:39:51",5,2521,"Yves Larocque",16,34.25,NA,"1","1","**********","CH",""
"GP010F","2022-08-10","17:39:56",5,2521,"Yves Larocque",17,23,NA,"1","1","**********","CH",""
"GP010F","2022-08-10","17:40:09",5,2521,"Yves Larocque",18,18.98,NA,"1","1","**********","CH",""
"GP010F","2022-08-10","17:40:16",5,2521,"Yves Larocque",19,22.39,NA,"1","1","**********","CH",""
"GP010F","2022-08-10","17:40:36",5,2521,"Yves Larocque",20,21.85,NA,"1","1","**********","CH",""
"GP010F","2022-08-10","17:40:47",5,2521,"Yves Larocque",21,20.04,NA,"1","1","**********","CH",""
"GP010F","2022-08-10","17:40:53",5,2521,"Yves Larocque",22,21.84,NA,"1","1","**********","CH",""
"GP010F","2022-08-10","17:41:01",5,2521,"Yves Larocque",23,12.2,NA,"1","1","**********","CH",""
"GP010F","2022-08-10","17:41:15",5,2521,"Yves Larocque",24,12.61,NA,"1","1","**********","CH",""
"GP010F","2022-08-10","17:41:24",5,2521,"Yves Larocque",25,11.11,NA,"2","1","**********","ML",""
"GP010F","2022-08-10","17:41:41",5,2521,"Yves Larocque",26,26.33,NA,"2","1","**********","ML",""
"GP010F","2022-08-10","17:41:45",5,2521,"Yves Larocque",27,24.99,NA,"2","1","**********","ML",""
"GP010F","2022-08-10","17:41:50",5,2521,"Yves Larocque",28,13.05,NA,"2","1","**********","ML",""
"GP010F","2022-08-10","17:41:55",5,2521,"Yves Larocque",29,18.63,NA,"2","1","**********","ML",""
"GP010F","2022-08-10","17:41:59",5,2521,"Yves Larocque",30,26.52,NA,"2","1","**********","ML",""
"GP010F","2022-08-10","17:42:05",5,2521,"Yves Larocque",31,44.6,NA,"2","1","**********","ML",""
"GP010F","2022-08-10","17:42:10",5,2521,"Yves Larocque",32,35.62,NA,"2","1","**********","ML",""
"GP010F","2022-08-10","17:42:15",5,2521,"Yves Larocque",33,27.12,NA,"2","1","**********","ML",""
"GP010F","2022-08-10","17:42:21",5,2521,"Yves Larocque",34,23.75,NA,"2","1","**********","ML",""
"GP010F","2022-08-10","17:42:27",5,2521,"Yves Larocque",35,35.23,NA,"2","1","**********","ML",""
"GP010F","2022-08-10","17:42:32",5,2521,"Yves Larocque",36,29.57,NA,"2","1","**********","ML",""
"GP010F","2022-08-10","17:42:37",5,2521,"Yves Larocque",37,41.18,NA,"2","1","**********","ML",""
"GP010F","2022-08-10","17:42:42",5,2521,"Yves Larocque",38,20.78,NA,"2","1","**********","ML",""
"GP010F","2022-08-10","17:42:48",5,2521,"Yves Larocque",39,25.27,NA,"2","1","**********","ML",""
"GP010F","2022-08-10","17:42:53",5,2521,"Yves Larocque",40,21.9,NA,"2","1","**********","ML",""
"GP010F","2022-08-10","17:42:59",5,2521,"Yves Larocque",41,25.54,NA,"2","1","**********","ML",""
"GP010F","2022-08-10","17:43:04",5,2521,"Yves Larocque",42,14.88,NA,"2","1","**********","ML",""
"GP010F","2022-08-10","17:43:09",5,2521,"Yves Larocque",43,31.75,NA,"2","1","**********","ML",""
"GP010F","2022-08-10","17:43:14",5,2521,"Yves Larocque",44,27.21,NA,"2","1","**********","ML",""
"GP010F","2022-08-10","17:43:20",5,2521,"Yves Larocque",45,26.61,NA,"2","1","**********","ML",""
"GP010F","2022-08-10","17:43:25",5,2521,"Yves Larocque",46,14.45,NA,"2","1","**********","ML",""
"GP010F","2022-08-10","17:43:31",5,2521,"Yves Larocque",47,13.56,NA,"2","1","**********","ML",""
"GP010F","2022-08-10","17:43:37",5,2521,"Yves Larocque",48,13.7,NA,"2","1","**********","ML",""
"GP010F","2022-08-10","17:43:43",5,2521,"Yves Larocque",49,12.83,NA,"2","1","**********","ML",""
"GP010F","2022-08-10","17:43:52",5,2521,"Yves Larocque",50,13.26,NA,"2","1","**********","ML",""
"GP013F","2022-08-10","21:16:34",6,2521,"Yves Larocque",1,23.06,NA,"1","1","**********","CH",""
"GP013F","2022-08-10","21:16:44",6,2521,"Yves Larocque",2,20.24,NA,"1","1","**********","CH",""
"GP013F","2022-08-10","21:16:51",6,2521,"Yves Larocque",3,21.86,NA,"2","1","**********","ML",""
"GP161F","2022-08-13","06:36:51",1,2521,"Murray McWilliams",1,50.24,12.45,"1","1","*******1**","ML",""
"GP161F","2022-08-13","06:38:06",1,2521,"Murray McWilliams",2,59.82,17.39,"1","1","*******1*1","ML",""
"GP161F","2022-08-13","06:38:18",1,2521,"Murray McWilliams",3,50.91,12.11,"1","1","**********","ML",""
"GP161F","2022-08-13","06:38:26",1,2521,"Murray McWilliams",4,60.95,17.59,"1","1","******1***","ML",""
"GP161F","2022-08-13","06:38:40",1,2521,"Murray McWilliams",5,45.57,10.98,"1","1","**********","ML",""
"GP161F","2022-08-13","06:38:49",1,2521,"Murray McWilliams",6,53.47,NA,"1","1","1****1****","ML",""
"GP161F","2022-08-13","06:38:58",1,2521,"Murray McWilliams",7,53.96,15.28,"1","1","1*****1***","ML",""
"GP161F","2022-08-13","06:39:13",1,2521,"Murray McWilliams",8,64.52,20.51,"1","1","**********","ML",""
"GP161F","2022-08-13","06:39:23",1,2521,"Murray McWilliams",9,60.15,11.99,"1","1","******1*1*","ML",""
"GP161F","2022-08-13","06:39:41",1,2521,"Murray McWilliams",10,50.14,11.9,"1","1","**********","ML",""
"GP161F","2022-08-13","06:39:55",1,2521,"Murray McWilliams",11,40.14,8.92,"1","1","**1*******","ML",""
"GP161F","2022-08-13","06:40:03",1,2521,"Murray McWilliams",12,40.26,9.44,"1","1","*1********","ML",""
"GP161F","2022-08-13","06:40:14",1,2521,"Murray McWilliams",13,34.37,NA,"1","1","**********","CH",""
"GP161F","2022-08-13","06:40:18",1,2521,"Murray McWilliams",14,48.54,12.76,"1","1","********1*","ML",""
"GP161F","2022-08-13","06:40:27",1,2521,"Murray McWilliams",15,37.41,NA,"1","1","*********1","CH",""
"GP161F","2022-08-13","06:40:35",1,2521,"Murray McWilliams",16,28.91,NA,"1","1","**********","CH",""
"GP161F","2022-08-13","06:40:44",1,2521,"Murray McWilliams",17,25.62,NA,"1","1","******1***","CH",""
"GP161F","2022-08-13","06:40:52",1,2521,"Murray McWilliams",18,31.18,NA,"1","1","111**1****","ML",""
"GP161F","2022-08-13","06:40:58",1,2521,"Murray McWilliams",19,37.66,NA,"2","1","*1********","ML",""
"GP161F","2022-08-13","06:41:08",1,2521,"Murray McWilliams",20,34.98,NA,"2","1","**********","ML",""
"GP161F","2022-08-13","06:41:13",1,2521,"Murray McWilliams",21,33.47,NA,"2","1","1*1*******","ML",""
"GP161F","2022-08-13","06:41:19",1,2521,"Murray McWilliams",22,30.38,NA,"2","1","*1*******1","ML",""
"GP161F","2022-08-13","06:41:27",1,2521,"Murray McWilliams",23,35.86,NA,"2","1","*1**111*1*","ML",""
"GP161F","2022-08-13","06:41:40",1,2521,"Murray McWilliams",24,36.04,NA,"2","1","****1****1","ML",""
"GP160F","2022-08-13","07:52:41",2,2527,"Murray McWilliams",1,75.81,22.73,"1","1","**1*******","ML",""
"GP160F","2022-08-13","07:52:57",2,2521,"Murray McWilliams",2,60.44,19.15,"1","1","**********","ML",""
"GP160F","2022-08-13","07:53:06",2,2521,"Murray McWilliams",3,61.42,19.18,"1","1","**********","ML",""
"GP160F","2022-08-13","07:53:15",2,2521,"Murray McWilliams",4,59.72,17.07,"1","1","**********","ML",""
"GP160F","2022-08-13","07:53:23",2,2521,"Murray McWilliams",5,55.43,14.72,"1","1","******1***","ML",""
"GP160F","2022-08-13","07:53:34",2,2521,"Murray McWilliams",6,59.68,17.34,"1","1","*1***11***","ML",""
"GP160F","2022-08-13","07:53:49",2,2521,"Murray McWilliams",7,50.21,11.99,"1","1","*******1**","ML",""
"GP160F","2022-08-13","07:54:02",2,2521,"Murray McWilliams",8,61.57,17.28,"1","1","**********","ML",""
"GP160F","2022-08-13","07:54:11",2,2521,"Murray McWilliams",9,42.94,9.48,"1","1","**********","ML",""
"GP160F","2022-08-13","07:54:23",2,2521,"Murray McWilliams",10,38.58,NA,"1","1","****1*****","CH",""
"GP160F","2022-08-13","07:54:34",2,2521,"Murray McWilliams",11,34.65,NA,"1","1","1*******11","ML",""
"GP146F","2022-08-13","13:07:08",3,2527,"Murray McWilliams",1,63.79,17.4,"1","1","*1*******1","ML",""
"GP097F","2022-08-13","16:51:19",4,2527,"Murray McWilliams",1,39.01,NA,"1","1","**********","CH",""
"GP097F","2022-08-13","16:51:33",4,2527,"Murray McWilliams",2,46.51,NA,"2","1","**1*******","ML",""
"GP097F","2022-08-13","16:51:44",4,2527,"Murray McWilliams",3,34.89,NA,"2","1","**********","ML",""
"GP097F","2022-08-13","16:51:48",4,2527,"Murray McWilliams",4,27.57,NA,"2","1","*******1**","ML",""
"GP091F","2022-08-13","21:41:36",5,2527,"Murray McWilliams",1,72.96,20.95,"1","1","**********","ML",""
"GP091F","2022-08-13","21:41:53",5,2521,"Murray McWilliams",2,44.11,NA,"2","1","*****1****","ML",""
"GP015F","2022-08-14","10:52:27",1,2527,"Yves Larocque",1,75.37,21.97,"1","1","**********","ML",""
"GP015F","2022-08-14","10:52:42",1,2527,"Yves Larocque",2,23.9,NA,"1","1","**********","CH",""
"GP015F","2022-08-14","10:52:53",1,2527,"Yves Larocque",3,32.95,NA,"1","1","*1*111**11","CH",""
"GP015F","2022-08-14","10:53:10",1,2527,"Yves Larocque",4,23.5,NA,"2","1","**********","ML",""
"GP017F","2022-08-14","11:08:39",2,2527,"Yves Larocque",1,64.91,18.77,"1","1","*****21***","ML",""
"GP017F","2022-08-14","11:08:55",2,2527,"Yves Larocque",2,69.02,20.25,"1","1","**********","ML",""
"GP017F","2022-08-14","11:09:02",2,2527,"Yves Larocque",3,84.95,26.03,"1","1","****1****1","ML",""
"GP017F","2022-08-14","11:09:15",2,2527,"Yves Larocque",4,78.33,NA,"1","1","1***11****","ML",""
"GP017F","2022-08-14","11:09:29",2,2527,"Yves Larocque",5,83.49,24.15,"1","1","**********","ML",""
"GP017F","2022-08-14","11:09:41",2,2527,"Yves Larocque",6,50.29,12.5,"1","1","**********","ML",""
"GP017F","2022-08-14","11:09:51",2,2527,"Yves Larocque",7,59.92,16.78,"1","1","**********","ML",""
"GP017F","2022-08-14","11:10:01",2,2527,"Yves Larocque",8,56.39,15.62,"1","1","11********","ML",""
"GP017F","2022-08-14","11:10:12",2,2527,"Yves Larocque",9,63.14,15.73,"1","1","1**11*111*","ML",""
"GP017F","2022-08-14","11:10:27",2,2527,"Yves Larocque",10,25.5,NA,"1","1","**********","CH",""
"GP017F","2022-08-14","11:10:32",2,2527,"Yves Larocque",11,43.94,11.46,"1","1","*1**1*11**","ML",""
"GP017F","2022-08-14","11:10:49",2,2527,"Yves Larocque",12,33.23,NA,"1","1","******2***","CH",""
"GP017F","2022-08-14","11:11:00",2,2527,"Yves Larocque",13,26.29,NA,"1","1","**********","CH",""
"GP017F","2022-08-14","11:11:12",2,2527,"Yves Larocque",14,35.75,NA,"1","1","**********","CH",""
"GP017F","2022-08-14","11:11:19",2,2527,"Yves Larocque",15,43.47,10.57,"1","1","******1***","ML",""
"GP017F","2022-08-14","11:11:32",2,2527,"Yves Larocque",16,36.05,NA,"1","1","**********","CH",""
"GP017F","2022-08-14","11:11:36",2,2527,"Yves Larocque",17,31.87,NA,"1","1","**********","CH",""
"GP017F","2022-08-14","11:11:41",2,2527,"Yves Larocque",18,28.96,NA,"1","1","******2***","CH",""
"GP017F","2022-08-14","11:11:48",2,2527,"Yves Larocque",19,32.41,NA,"1","1","**********","CH",""
"GP017F","2022-08-14","11:11:56",2,2527,"Yves Larocque",20,40.68,9.67,"1","1","**********","ML",""
"GP017F","2022-08-14","11:12:03",2,2527,"Yves Larocque",21,28.59,NA,"1","1","**********","CH",""
"GP017F","2022-08-14","11:12:10",2,2527,"Yves Larocque",22,35.98,NA,"1","1","**********","CH",""
"GP017F","2022-08-14","11:12:28",2,2527,"Yves Larocque",23,37.06,NA,"1","1","**********","CH",""
"GP017F","2022-08-14","11:12:34",2,2527,"Yves Larocque",24,22.71,NA,"1","1","**********","CH",""
"GP017F","2022-08-14","11:12:39",2,2527,"Yves Larocque",25,25.73,NA,"1","1","*********1","CH",""
"GP017F","2022-08-14","11:12:48",2,2527,"Yves Larocque",26,25.52,NA,"1","1","*1*****1**","CH",""
"GP017F","2022-08-14","11:13:02",2,2527,"Yves Larocque",27,35.85,NA,"1","1","**********","CH",""
"GP017F","2022-08-14","11:13:16",2,2527,"Yves Larocque",28,35.25,NA,"1","1","**********","CH",""
"GP017F","2022-08-14","11:13:21",2,2527,"Yves Larocque",29,32.56,NA,"1","1","**********","CH",""
"GP017F","2022-08-14","11:13:25",2,2527,"Yves Larocque",30,36.84,NA,"1","1","***2***2**","CH",""
"GP017F","2022-08-14","11:13:35",2,2527,"Yves Larocque",31,27.08,NA,"1","1","***2******","CH",""
"GP017F","2022-08-14","11:13:44",2,2527,"Yves Larocque",32,42.55,NA,"2","1","**********","ML",""
"GP017F","2022-08-14","11:13:59",2,2527,"Yves Larocque",33,29.15,NA,"2","1","**********","ML",""
"GP017F","2022-08-14","11:14:04",2,2527,"Yves Larocque",34,38.97,NA,"2","1","**********","ML",""
"GP017F","2022-08-14","11:14:09",2,2527,"Yves Larocque",35,43.45,NA,"2","1","*********1","ML",""
"GP017F","2022-08-14","11:14:15",2,2527,"Yves Larocque",36,41.68,NA,"2","1","*********1","ML",""
"GP017F","2022-08-14","11:14:26",2,2527,"Yves Larocque",37,30.51,NA,"2","1","**********","ML",""
"GP017F","2022-08-14","11:14:30",2,2527,"Yves Larocque",38,32.54,NA,"2","1","**********","ML",""
"GP017F","2022-08-14","11:14:34",2,2527,"Yves Larocque",39,25.4,NA,"2","1","**********","ML",""
"GP017F","2022-08-14","11:14:38",2,2527,"Yves Larocque",40,23.88,NA,"2","1","*****2****","ML",""
"GP017F","2022-08-14","11:14:48",2,2527,"Yves Larocque",41,28.63,NA,"2","1","**********","ML",""
"GP017F","2022-08-14","11:14:55",2,2527,"Yves Larocque",42,15.22,NA,"2","1","**********","ML",""
"GP017F","2022-08-14","11:15:04",2,2527,"Yves Larocque",43,20.48,NA,"2","1","**********","ML",""
"GP037F","2022-08-14","13:35:26",3,2521,"Yves Larocque",1,60.17,14.41,"1","1","**11******","ML",""
"GP037F","2022-08-14","13:35:46",3,2527,"Yves Larocque",2,75.43,22.57,"1","1","*1***1**1*","ML",""
"GP037F","2022-08-14","13:36:04",3,2527,"Yves Larocque",3,36.18,NA,"1","1","***11*****","CH",""
"GP029FR1","2022-08-14","14:58:05",4,2521,"Yves Larocque",1,42.71,12.37,"1","1","**22***1**","ML",""
"GP029FR1","2022-08-14","14:58:38",4,2521,"Yves Larocque",2,63.07,19.1,"1","1","******1***","ML",""
"GP029FR1","2022-08-14","14:58:48",4,2521,"Yves Larocque",3,68.91,20.3,"1","1","**********","ML",""
"GP029FR1","2022-08-14","14:58:58",4,2521,"Yves Larocque",4,38.5,NA,"1","1","**********","CH",""
"GP029FR1","2022-08-14","14:59:03",4,2521,"Yves Larocque",5,34.05,NA,"2","1","**********","ML",""
"GP029FR1","2022-08-14","14:59:10",4,2521,"Yves Larocque",6,32.12,NA,"2","1","**********","ML",""
"GP058F","2022-08-14","17:42:31",5,2521,"Yves Larocque",1,26.07,NA,"1","1","**********","CH",""
"GP059F","2022-08-14","18:31:01",6,2521,"Yves Larocque",1,59.31,16.62,"1","1","**11*****1","ML",""
"GP059F","2022-08-14","18:31:17",6,2521,"Yves Larocque",2,59.9,15.76,"1","1","**********","ML",""
"GP034FR1","2022-08-15","06:59:57",1,2521,"Murray McWilliams",1,63.23,21.56,"1","1","**********","ML",""
"GP034FR1","2022-08-15","07:00:33",1,2521,"Murray McWilliams",2,60.41,12.61,"1","1","**********","ML",""
"GP034FR1","2022-08-15","07:00:45",1,2521,"Murray McWilliams",3,63.92,19.62,"1","1","**********","ML",""
"GP034FR1","2022-08-15","07:01:03",1,2521,"Murray McWilliams",4,45.71,12.1,"1","1","*1***11***","ML",""
"GP034FR1","2022-08-15","07:01:20",1,2521,"Murray McWilliams",5,33.71,NA,"1","1","**********","CH",""
"GP034FR1","2022-08-15","07:01:26",1,2521,"Murray McWilliams",6,65.06,NA,"1","1","1****1****","ML","Manque pinces"
"GP034FR1","2022-08-15","07:01:36",1,2521,"Murray McWilliams",7,20.97,NA,"2","1","**********","ML",""
"GP034FR1","2022-08-15","07:01:45",1,2521,"Murray McWilliams",8,27.94,NA,"2","1","**********","ML",""
"GP034FR1","2022-08-15","07:01:51",1,2521,"Murray McWilliams",9,61.64,21.56,"1","1","**********","ML",""
"GP034FR1","2022-08-15","07:02:43",1,2527,"Murray McWilliams",10,64.8,15.52,"1","1","**********","ML",""
"GP034FR1","2022-08-15","07:03:04",1,2527,"Murray McWilliams",11,50.51,14.27,"1","1","**********","ML",""
"GP034FR1","2022-08-15","07:03:14",1,2527,"Murray McWilliams",12,69.06,20.55,"1","1","**********","ML",""
"GP034FR1","2022-08-15","07:03:27",1,2527,"Murray McWilliams",13,80.89,22.27,"1","1","****1***11","ML",""
"GP034FR1","2022-08-15","07:03:46",1,2527,"Murray McWilliams",14,47.76,NA,"2","1","***1******","ML",""
"GP034FR1","2022-08-15","07:03:56",1,2527,"Murray McWilliams",15,49.47,NA,"2","1","**********","ML",""
"GP057F","2022-08-15","10:45:32",2,2527,"Murray McWilliams",1,77.7,22.49,"1","1","**********","ML",""
"GP057F","2022-08-15","10:46:53",2,2521,"Murray McWilliams",2,75.71,NA,"1","1","1****1****","ML","Manque pinces"
"GP057F","2022-08-15","10:47:15",2,2521,"Murray McWilliams",3,69.09,21.81,"1","1","*********1","ML",""
"GP057F","2022-08-15","10:47:27",2,2521,"Murray McWilliams",4,54.54,13.53,"1","1","******1***","ML",""
"GP057F","2022-08-15","10:47:39",2,2521,"Murray McWilliams",5,38.38,NA,"1","1","**********","CH",""
"GP057F","2022-08-15","10:48:00",2,2521,"Murray McWilliams",6,40.18,9.22,"1","1","**********","ML",""
"GP057F","2022-08-15","10:48:37",2,2521,"Murray McWilliams",7,53.64,12.89,"1","1","**********","ML",""
"GP057F","2022-08-15","10:49:02",2,2521,"Murray McWilliams",8,41.37,9.57,"1","1","**********","ML",""
"GP057F","2022-08-15","10:49:14",2,2521,"Murray McWilliams",9,44.54,11.05,"1","1","**********","ML",""
"GP057F","2022-08-15","10:49:27",2,2521,"Murray McWilliams",10,38.04,NA,"1","1","**********","CH",""
"GP057F","2022-08-15","10:49:34",2,2521,"Murray McWilliams",11,47.9,12.31,"1","1","*****1****","ML",""
"GP057F","2022-08-15","10:49:47",2,2521,"Murray McWilliams",12,30.05,NA,"1","1","**********","CH",""
"GP057F","2022-08-15","10:50:01",2,2521,"Murray McWilliams",13,40.39,NA,"2","1","**********","ML",""
"GP057F","2022-08-15","10:50:10",2,2521,"Murray McWilliams",14,33.96,NA,"2","1","**********","ML",""
"GP057F","2022-08-15","10:50:15",2,2521,"Murray McWilliams",15,36.49,NA,"2","1","**********","ML",""
"GP057F","2022-08-15","10:50:21",2,2521,"Murray McWilliams",16,45.53,NA,"2","1","**********","ML",""
"GP057F","2022-08-15","10:50:32",2,2521,"Murray McWilliams",17,40.06,NA,"2","1","**********","ML",""
"GP057F","2022-08-15","10:50:38",2,2521,"Murray McWilliams",18,39.65,NA,"2","1","**1*******","ML",""
"GP057F","2022-08-15","10:50:48",2,2521,"Murray McWilliams",19,42.72,NA,"2","1","**********","ML",""
"GP057F","2022-08-15","10:50:55",2,2521,"Murray McWilliams",20,41.83,NA,"2","1","**********","ML",""
"GP057F","2022-08-15","10:51:02",2,2521,"Murray McWilliams",21,43.42,NA,"2","1","**********","ML",""
"GP057F","2022-08-15","10:51:09",2,2521,"Murray McWilliams",22,41.22,NA,"2","1","**********","ML",""
"GP057F","2022-08-15","10:51:15",2,2521,"Murray McWilliams",23,40.68,NA,"2","1","**********","ML",""
"GP057F","2022-08-15","10:51:24",2,2521,"Murray McWilliams",24,13.54,NA,"1","1","**********","CH",""
"GP035F","2022-08-15","13:48:55",3,2527,"Murray McWilliams",1,53,13.13,"1","1","**1*******","ML",""
"GP035F","2022-08-15","13:49:14",3,2527,"Murray McWilliams",2,60.57,15.78,"1","1","**********","ML",""
"GP035F","2022-08-15","13:49:24",3,2527,"Murray McWilliams",3,65.35,18.83,"1","1","**********","ML",""
"GP035F","2022-08-15","13:49:37",3,2527,"Murray McWilliams",4,79.22,21.98,"1","1","******1***","ML",""
"GP035F","2022-08-15","13:49:48",3,2521,"Murray McWilliams",5,42.71,9.86,"1","1","**********","ML",""
"GP035F","2022-08-15","13:50:34",3,2521,"Murray McWilliams",6,68.87,21.76,"1","1","**********","ML",""
"GP035F","2022-08-15","13:51:10",3,2521,"Murray McWilliams",7,62.03,NA,"1","1","1****1****","ML",""
"GP035F","2022-08-15","13:51:23",3,2521,"Murray McWilliams",8,58.25,16.92,"1","1","**********","ML",""
"GP035F","2022-08-15","13:51:32",3,2521,"Murray McWilliams",9,50.57,13.34,"1","1","**********","ML",""
"GP035F","2022-08-15","13:51:44",3,2521,"Murray McWilliams",10,68.26,21.02,"1","1","********1*","ML",""
"GP035F","2022-08-15","13:52:21",3,2521,"Murray McWilliams",11,47.68,11.43,"1","1","**********","ML",""
"GP035F","2022-08-15","13:52:31",3,2521,"Murray McWilliams",12,51.21,12.36,"1","1","**********","ML",""
"GP035F","2022-08-15","13:52:46",3,2521,"Murray McWilliams",13,32.57,NA,"1","1","**********","CH",""
"GP035F","2022-08-15","13:53:29",3,2521,"Murray McWilliams",14,28.64,NA,"1","1","**********","CH",""
"GP035F","2022-08-15","13:53:42",3,2521,"Murray McWilliams",15,36.73,NA,"2","1","**********","ML",""
"GP035F","2022-08-15","13:53:56",3,2521,"Murray McWilliams",16,41.11,NA,"2","1","**********","ML",""
"GP035F","2022-08-15","13:54:00",3,2521,"Murray McWilliams",17,39.45,NA,"2","1","**********","ML",""
"GP035F","2022-08-15","13:54:07",3,2521,"Murray McWilliams",18,34.38,NA,"2","1","**********","ML",""
"GP035F","2022-08-15","13:54:11",3,2521,"Murray McWilliams",19,38.17,NA,"2","1","**********","ML",""
"GP035F","2022-08-15","13:54:15",3,2521,"Murray McWilliams",20,29.93,NA,"2","1","**********","ML",""
"GP035F","2022-08-15","13:54:19",3,2521,"Murray McWilliams",21,41.34,NA,"2","1","**********","ML",""
"GP035F","2022-08-15","13:54:23",3,2521,"Murray McWilliams",22,27.87,NA,"2","1","**********","ML",""
"GP035F","2022-08-15","13:54:28",3,2521,"Murray McWilliams",23,31.32,NA,"2","1","**********","ML",""
"GP035F","2022-08-15","13:54:34",3,2521,"Murray McWilliams",24,34.3,NA,"2","1","**********","ML",""
"GP035F","2022-08-15","13:54:39",3,2521,"Murray McWilliams",25,39.68,NA,"2","1","**********","ML",""
"GP035F","2022-08-15","13:54:43",3,2521,"Murray McWilliams",26,29.35,NA,"2","1","**********","ML",""
"GP035F","2022-08-15","13:54:46",3,2521,"Murray McWilliams",27,31.87,NA,"2","1","**********","ML",""
"GP035F","2022-08-15","13:54:49",3,2521,"Murray McWilliams",28,34.97,NA,"2","1","****1***1*","ML",""
"GP035F","2022-08-15","13:54:56",3,2521,"Murray McWilliams",29,32.46,NA,"2","1","********11","ML",""
"GP035F","2022-08-15","13:55:00",3,2521,"Murray McWilliams",30,31.25,NA,"2","1","**********","ML",""
"GP035F","2022-08-15","13:55:03",3,2521,"Murray McWilliams",31,41.63,NA,"2","1","***11*****","ML",""
"GP035F","2022-08-15","13:55:15",3,2521,"Murray McWilliams",32,43.01,NA,"2","1","***11***1*","ML",""
"GP035F","2022-08-15","13:55:23",3,2521,"Murray McWilliams",33,31.3,NA,"2","1","**1*1*****","ML",""
"GP035F","2022-08-15","13:55:28",3,2521,"Murray McWilliams",34,29.83,NA,"2","1","**********","ML",""
"GP035F","2022-08-15","13:55:32",3,2521,"Murray McWilliams",35,27.88,NA,"2","1","**********","ML",""
"GP035F","2022-08-15","13:55:35",3,2521,"Murray McWilliams",36,25.11,NA,"2","1","**********","ML",""
"GP035F","2022-08-15","13:55:40",3,2521,"Murray McWilliams",37,38.19,NA,"2","1","**********","ML",""
"GP035F","2022-08-15","13:55:53",3,2521,"Murray McWilliams",38,45.7,NA,"2","1","**********","ML",""
"GP035F","2022-08-15","13:55:58",3,2521,"Murray McWilliams",39,29.38,NA,"2","1","**********","ML",""
"GP035F","2022-08-15","13:56:04",3,2521,"Murray McWilliams",40,38.74,NA,"2","1","**********","ML",""
"GP035F","2022-08-15","13:56:10",3,2521,"Murray McWilliams",41,40.23,NA,"2","1","*1********","ML",""
"GP035F","2022-08-15","13:56:16",3,2521,"Murray McWilliams",42,31.93,NA,"2","1","**********","ML",""
"GP035F","2022-08-15","13:56:24",3,2521,"Murray McWilliams",43,35.99,NA,"2","1","*********1","ML",""
"GP035F","2022-08-15","13:56:30",3,2521,"Murray McWilliams",44,28.91,NA,"2","1","*******2**","ML",""
"GP064FR1","2022-08-15","19:49:33",4,2521,"Murray McWilliams",1,25.55,NA,"1","1","**********","CH",""
"GP064FR1","2022-08-15","19:49:57",4,2521,"Murray McWilliams",2,30.59,NA,"1","1","**********","CH",""
"GP073F","2022-08-16","09:54:10",1,2521,"Yves Larocque",1,36.62,NA,"1","1","**********","CH",""
"GP073F","2022-08-16","09:54:31",1,2521,"Yves Larocque",2,36.3,NA,"1","1","1*********","ML",""
"GP073F","2022-08-16","09:54:37",1,2521,"Yves Larocque",3,33.53,NA,"1","1","**********","CH",""
"GP073F","2022-08-16","09:54:43",1,2521,"Yves Larocque",4,36.2,NA,"1","1","**********","CH",""
"GP073F","2022-08-16","09:54:51",1,2521,"Yves Larocque",5,44.04,NA,"2","1","*22*******","ML",""
"GP073F","2022-08-16","09:55:02",1,2521,"Yves Larocque",6,34.57,NA,"2","1","**********","ML",""
"GP073F","2022-08-16","09:55:37",1,2521,"Yves Larocque",7,43.82,NA,"2","1","**********","ML",""
"GP073F","2022-08-16","09:55:46",1,2521,"Yves Larocque",8,32.79,NA,"2","1","**********","ML",""
"GP071F","2022-08-16","12:45:19",2,2521,"Yves Larocque",1,35.49,NA,"1","1","**********","CH",""
"GP071F","2022-08-16","12:45:44",2,2521,"Yves Larocque",2,45.08,9.7,"1","1","**********","ML",""
"GP071F","2022-08-16","12:45:51",2,2521,"Yves Larocque",3,25.23,NA,"1","1","**********","CH",""
"GP071F","2022-08-16","12:45:55",2,2521,"Yves Larocque",4,31.74,NA,"1","1","**********","CH",""
"GP071F","2022-08-16","12:46:00",2,2521,"Yves Larocque",5,32.21,NA,"2","1","**1*******","ML",""
"GP071F","2022-08-16","12:46:10",2,2521,"Yves Larocque",6,36.1,NA,"2","1","**********","ML",""
"GP071F","2022-08-16","12:46:14",2,2521,"Yves Larocque",7,38.39,NA,"2","1","**********","ML",""
"GP071F","2022-08-16","12:46:18",2,2521,"Yves Larocque",8,27.46,NA,"2","1","**********","ML",""
"GP071F","2022-08-16","12:46:23",2,2521,"Yves Larocque",9,35.91,NA,"2","1","**********","ML",""
"GP071F","2022-08-16","12:46:27",2,2521,"Yves Larocque",10,17.66,NA,"2","1","**********","ML",""
"GP071F","2022-08-16","12:46:34",2,2521,"Yves Larocque",11,22.58,NA,"2","1","**********","ML",""
"GP071F","2022-08-16","12:46:40",2,2521,"Yves Larocque",12,15.17,NA,"2","1","**********","ML",""
"GP060F","2022-08-16","14:50:17",3,2521,"Yves Larocque",1,37.44,NA,"2","1","**********","ML",""
"GP060F","2022-08-16","14:50:43",3,2527,"Yves Larocque",2,69.26,19.28,"1","1","**********","ML",""
"GP100F","2022-08-16","16:45:14",4,2521,"Yves Larocque",1,38.38,NA,"1","1","***2******","CH",""
"GP100F","2022-08-16","16:45:29",4,2521,"Yves Larocque",2,33.97,NA,"2","1","**********","ML",""
"GP082F","2022-08-16","19:50:17",5,2521,"Yves Larocque",1,25.44,NA,"1","1","**********","CH",""
"GP082F","2022-08-16","19:50:33",5,2521,"Yves Larocque",2,35.13,NA,"1","1","**********","CH",""
"GP082F","2022-08-16","19:50:39",5,2521,"Yves Larocque",3,36.58,NA,"1","1","******11**","CH",""
"GP139F","2022-08-17","07:46:16",1,2527,"Murray McWilliams",1,66.8,18.04,"1","1","**********","ML",""
"GP139F","2022-08-17","07:46:31",1,2527,"Murray McWilliams",2,74.31,19.86,"1","1","11*******1","ML",""
"GP139F","2022-08-17","07:46:45",1,2521,"Murray McWilliams",3,46.98,12.24,"1","1","**11*****1","ML",""
"GP139F","2022-08-17","07:47:11",1,2521,"Murray McWilliams",4,54.97,15.15,"1","1","*1******1*","ML",""
"GP139F","2022-08-17","07:47:25",1,2521,"Murray McWilliams",5,38.02,NA,"1","1","*****1****","CH",""
"GP139F","2022-08-17","07:47:33",1,2521,"Murray McWilliams",6,28.49,NA,"1","1","***1******","CH",""
"GP139F","2022-08-17","07:47:41",1,2521,"Murray McWilliams",7,30.48,NA,"1","1","**********","CH",""
"GP139F","2022-08-17","07:47:49",1,2521,"Murray McWilliams",8,35.6,NA,"2","1","**********","ML",""
"GP139F","2022-08-17","07:47:58",1,2521,"Murray McWilliams",9,36.13,NA,"2","1","**********","ML",""
"GP183F","2022-08-17","15:25:52",2,2521,"Murray McWilliams",1,35.76,NA,"1","1","******1***","CH",""
"GP183F","2022-08-17","15:26:09",2,2521,"Murray McWilliams",2,22.36,NA,"2","1","**********","ML",""
"GP183F","2022-08-17","15:26:16",2,2521,"Murray McWilliams",3,40.5,NA,"2","1","**********","ML",""
"GP200F","2022-08-17","16:22:30",3,2521,"Murray McWilliams",1,59.61,18.59,"1","1","**********","ML",""
"GP217F","2022-08-17","17:38:46",4,2521,"Murray McWilliams",1,28.62,NA,"1","1","***11***1*","CH",""
"GP217F","2022-08-17","17:38:59",4,2521,"Murray McWilliams",2,34.75,NA,"2","1","*1******1*","ML",""
"GP218F","2022-08-17","18:37:27",5,2521,"Murray McWilliams",1,30.26,NA,"2","1","*********1","ML",""
"GP218F","2022-08-17","18:37:46",5,2521,"Murray McWilliams",2,29.88,NA,"2","1","**********","ML",""
"GP236F","2022-08-17","19:52:01",6,2521,"Murray McWilliams",1,36.45,NA,"1","1","**********","CH",""
"GP173F","2022-08-23","06:45:45",1,2521,"Yves Larocque",1,54.06,14.85,"1","1","**********","ML",""
"GP171F","2022-08-23","07:27:32",2,2521,"Yves Larocque",1,36.18,NA,"2","1","******1***","ML",""
"GP178F","2022-08-23","14:41:47",3,2521,"Yves Larocque",1,31.47,NA,"2","1","**********","ML",""
"GP175F","2022-08-23","15:21:30",4,2521,"Yves Larocque",1,41.63,9.72,"1","1","*1********","ML",""
"GP175F","2022-08-23","15:21:48",4,2521,"Yves Larocque",2,30.75,NA,"1","1","**********","CH",""
"GP175F","2022-08-23","15:21:52",4,2521,"Yves Larocque",3,29.77,NA,"1","1","**********","CH",""
"GP175F","2022-08-23","15:21:58",4,2521,"Yves Larocque",4,31.98,NA,"2","1","*111***1**","ML",""
"GP155F","2022-08-23","19:47:20",5,2521,"Yves Larocque",1,51.52,12.68,"1","1","***1**1***","ML",""
"GP155F","2022-08-23","19:47:35",5,2521,"Yves Larocque",2,61.04,17.88,"1","1","**********","ML",""
"GP155F","2022-08-23","19:47:43",5,2521,"Yves Larocque",3,66.68,20.01,"1","1","**********","ML",""
"GP155F","2022-08-23","19:47:51",5,2521,"Yves Larocque",4,42.1,NA,"2","1","****1****1","ML",""
"GP155F","2022-08-23","19:48:01",5,2521,"Yves Larocque",5,45.82,NA,"2","1","*1***1***1","ML",""
"GP137F","2022-08-24","07:22:43",1,2521,"Murray McWilliams",1,49.01,12.57,"1","1","****1*****","ML",""
"GP136FR1","2022-08-24","11:13:51",2,2521,"Murray McWilliams",1,35.33,NA,"1","1","**********","CH",""
"GP136FR1","2022-08-24","11:14:10",2,2521,"Murray McWilliams",2,36.04,NA,"2","1","**********","ML",""
"GP129F","2022-08-24","13:06:11",3,2521,"Murray McWilliams",1,28.38,NA,"1","1","*****1*1**","CH",""
"GP110F","2022-08-24","14:44:36",4,2521,"Murray McWilliams",1,35.48,NA,"1","1","**111*****","CW",""
"GP110F","2022-08-24","14:45:17",4,2521,"Murray McWilliams",2,50.8,NA,"1","1","1****1****","ML","Manque pinces"
"GP110F","2022-08-24","14:45:28",4,2521,"Murray McWilliams",3,31.11,NA,"1","1","**********","CH",""
"GP110F","2022-08-24","14:45:33",4,2521,"Murray McWilliams",4,46.86,12.35,"1","1","******1***","ML",""
"GP110F","2022-08-24","14:45:44",4,2521,"Murray McWilliams",5,26.46,NA,"1","1","**********","CH",""
"GP110F","2022-08-24","14:45:51",4,2521,"Murray McWilliams",6,27.69,NA,"1","1","**********","CH",""
"GP110F","2022-08-24","14:45:57",4,2521,"Murray McWilliams",7,24.73,NA,"1","1","**********","CH",""
"GP110F","2022-08-24","14:46:05",4,2521,"Murray McWilliams",8,28.67,NA,"1","1","**********","CH",""
"GP110F","2022-08-24","14:46:15",4,2521,"Murray McWilliams",9,31.73,NA,"1","1","**********","CH",""
"GP110F","2022-08-24","14:46:26",4,2521,"Murray McWilliams",10,30.17,NA,"2","1","**********","ML",""
"GP092F","2022-08-24","17:56:36",5,2521,"Murray McWilliams",1,28.8,NA,"2","1","**********","ML",""
"GP063F","2022-08-24","18:54:57",6,2521,"Murray McWilliams",1,60.08,18.85,"1","1","*****1*1**","ML",""
"GP063F","2022-08-24","18:55:20",6,2521,"Murray McWilliams",2,36.2,NA,"1","1","******2***","CH",""
"GP063F","2022-08-24","18:55:28",6,2521,"Murray McWilliams",3,23.72,NA,"2","1","**********","ML",""
"GP093FR1","2022-08-25","09:53:12",1,2527,"Yves Larocque",1,74,20.24,"1","1","11********","ML",""
"GP093FR1","2022-08-25","09:53:33",1,2521,"Yves Larocque",2,59.4,13.21,"1","1","**********","ML",""
"GP093FR1","2022-08-25","09:53:46",1,2521,"Yves Larocque",3,33.47,NA,"1","1","**********","CH",""
"GP093FR1","2022-08-25","09:53:51",1,2521,"Yves Larocque",4,36.87,NA,"1","1","**********","CH",""
"GP093FR1","2022-08-25","09:53:56",1,2521,"Yves Larocque",5,31.14,NA,"1","1","**********","CH",""
"GP093FR1","2022-08-25","09:54:02",1,2521,"Yves Larocque",6,31.47,NA,"1","1","**********","CH",""
"GP093FR1","2022-08-25","09:54:09",1,2521,"Yves Larocque",7,25.83,NA,"1","1","**********","CH",""
"GP093FR1","2022-08-25","09:54:16",1,2521,"Yves Larocque",8,28.74,NA,"1","1","*********1","CH",""
"GP108F","2022-08-25","12:38:58",2,2521,"Yves Larocque",1,37.04,NA,"1","1","*2********","CH",""
"GP108F","2022-08-25","12:39:18",2,2521,"Yves Larocque",2,27.22,NA,"1","1","*1********","CH",""
"GP108F","2022-08-25","12:39:26",2,2521,"Yves Larocque",3,16.46,NA,"1","1","**********","CH",""
"GP108F","2022-08-25","12:39:31",2,2521,"Yves Larocque",4,29.92,NA,"2","1","***11*1***","ML",""
"GP186F","2022-08-25","21:06:27",3,2521,"Yves Larocque",1,59.45,17.36,"1","1","**********","ML",""
"GP186F","2022-08-25","21:06:48",3,2521,"Yves Larocque",2,57.7,17.57,"1","1","**********","ML",""
"GP186F","2022-08-25","21:06:55",3,2521,"Yves Larocque",3,46.89,11.74,"1","1","***1***2**","ML",""
"GP186F","2022-08-25","21:07:07",3,2521,"Yves Larocque",4,66.74,20.37,"1","1","**********","ML",""
"GP186F","2022-08-25","21:07:13",3,2521,"Yves Larocque",5,72.4,19.34,"1","1","*1*11*****","ML",""
"GP186F","2022-08-25","21:07:23",3,2521,"Yves Larocque",6,55.65,16.14,"1","1","**********","ML",""
"GP186F","2022-08-25","21:07:30",3,2521,"Yves Larocque",7,54.37,12.33,"1","1","**********","ML",""
"GP186F","2022-08-25","21:07:37",3,2521,"Yves Larocque",8,38.09,NA,"2","1","**********","ML",""
"GP194F","2022-08-26","07:17:34",1,2521,"Murray McWilliams",1,39.38,NA,"1","1","**********","CH",""
"GP182F","2022-08-26","08:27:23",2,2521,"Murray McWilliams",1,34.3,NA,"2","1","**********","ML",""
"GP188F","2022-08-26","10:33:43",3,2521,"Murray McWilliams",1,23.55,NA,"2","1","**********","ML",""
"GP196F","2022-08-26","11:14:42",4,2521,"Murray McWilliams",1,31.57,NA,"2","1","******1***","ML",""
"GP191F","2022-08-26","12:08:29",5,2527,"Murray McWilliams",1,63.02,17.75,"1","1","1*********","ML",""
"GP191F","2022-08-26","12:08:46",5,2527,"Murray McWilliams",2,69.99,19.81,"1","1","**********","ML",""
